year,track,paperTitle,doi,authors,sessionInfo,title,videoPreview,ID,Title,DOI,DOILink,YEAR,TASKS LISTED?,TASK,Status,Also Good Background Paper?,NOTES
2014,InfoVis,MovExp: A Versatile Visualization Tool for Human-Computer Interaction Studies with 3D Performance and Biomechanical Data,10.1109/TVCG.2014.2346311,Gregorio Palmas;Myroslav Bachynskyi;Antti Oulasvirta;Hans-Peter Seidel;Tino Weinkauf,NA,NA,NA,10.1109.TVCG.2014.2346311,MovExp: A Versatile Visualization Tool for Human-Computer Interaction Studies with 3D Performance and Biomechanical Data,10.1109/TVCG.2014.2346311,NA,2014,Y,Understand basic human factors,Include,NA,A little meta since its a tool for HCI people
2014,InfoVis,MovExp: A Versatile Visualization Tool for Human-Computer Interaction Studies with 3D Performance and Biomechanical Data,10.1109/TVCG.2014.2346311,Gregorio Palmas;Myroslav Bachynskyi;Antti Oulasvirta;Hans-Peter Seidel;Tino Weinkauf,NA,NA,NA,10.1109.TVCG.2014.2346311,MovExp: A Versatile Visualization Tool for Human-Computer Interaction Studies with 3D Performance and Biomechanical Data,10.1109/TVCG.2014.2346311,NA,2014,Y,Concrete design problem,Include,NA,NA
2014,InfoVis,MovExp: A Versatile Visualization Tool for Human-Computer Interaction Studies with 3D Performance and Biomechanical Data,10.1109/TVCG.2014.2346311,Gregorio Palmas;Myroslav Bachynskyi;Antti Oulasvirta;Hans-Peter Seidel;Tino Weinkauf,NA,NA,NA,10.1109.TVCG.2014.2346311,MovExp: A Versatile Visualization Tool for Human-Computer Interaction Studies with 3D Performance and Biomechanical Data,10.1109/TVCG.2014.2346311,NA,2014,Y,Comparative studies (between interfaces for the same task),Include,NA,NA
2014,InfoVis,MovExp: A Versatile Visualization Tool for Human-Computer Interaction Studies with 3D Performance and Biomechanical Data,10.1109/TVCG.2014.2346311,Gregorio Palmas;Myroslav Bachynskyi;Antti Oulasvirta;Hans-Peter Seidel;Tino Weinkauf,NA,NA,NA,10.1109.TVCG.2014.2346311,MovExp: A Versatile Visualization Tool for Human-Computer Interaction Studies with 3D Performance and Biomechanical Data,10.1109/TVCG.2014.2346311,NA,2014,Y,Selectize summarization of main findings,Include,NA,NA
2014,InfoVis,Moving beyond sequential design: Reflections on a rich multi-channel approach to data visualization,10.1109/TVCG.2014.2346323,Jo Wood;Roger Beecham;Jason Dykes,NA,NA,NA,10.1109.TVCG.2014.2346323,Moving beyond sequential design: Reflections on a rich multi-channel approach to data visualization,10.1109/TVCG.2014.2346323,NA,2014,N,Faciliating Discourse (? ),Potentially Exclude,Y,Also - pretty good paper to discuss task fuzziness /crispness
2014,InfoVis,"Overview: The Design, Adoption, and Analysis of a Visual Document Mining Tool for Investigative Journalists",10.1109/TVCG.2014.2346431,Matthew Brehmer;Stephen Ingram;Jonathan Stray;Tamara Munzner,NA,NA,NA,10.1109.TVCG.2014.2346431,"Overview: The Design, Adoption, and Analysis of a Visual Document Mining Tool for Investigative Journalists",10.1109/TVCG.2014.2346431,NA,2014,Y,Generate hypohtesis -> explore -> summarize,Include,NA,"General exploration task, broken down for each case study"
2014,InfoVis,"Overview: The Design, Adoption, and Analysis of a Visual Document Mining Tool for Investigative Journalists",10.1109/TVCG.2014.2346431,Matthew Brehmer;Stephen Ingram;Jonathan Stray;Tamara Munzner,NA,NA,NA,10.1109.TVCG.2014.2346431,"Overview: The Design, Adoption, and Analysis of a Visual Document Mining Tool for Investigative Journalists",10.1109/TVCG.2014.2346431,NA,2014,Y,Verify hypohtesis -> locate -> identify,Include,NA,"General exploration task, broken down for each case study"
2014,SciVis,Trend-Centric Motion Visualization: Designing and Applying a New Strategy for Analyzing Scientific Motion Collections,10.1109/TVCG.2014.2346451,David Schroeder;Fedor Korsakov;Carissa Mai-Ping Knipe;Lauren Thorson;Arin M. Ellingson;David J. Nuckley;John V. Carlis;Daniel F. Keefe,NA,NA,NA,10.1109.TVCG.2014.2346451,Trend-Centric Motion Visualization: Designing and Applying a New Strategy for Analyzing Scientific Motion Collections,10.1109/TVCG.2014.2346451,NA,2014,N,NA,Exclude,NA,Probably just visualizing time
2014,VAST,DIA2: Web-based Cyberinfrastructure for Visual Analysis of Funding Portfolios,10.1109/TVCG.2014.2346747,Krishna P. C. Madhavan;Niklas Elmqvist;Mihaela Vorvoreanu;Xin Chen;Yuet Ling Wong;Hanjun Xian;Zhihua Dong;Aditya Johri,NA,NA,NA,10.1109.TVCG.2014.2346747,DIA2: Web-based Cyberinfrastructure for Visual Analysis of Funding Portfolios,10.1109/TVCG.2014.2346747,NA,2014,N,NA,Exclude,NA,Good paper on limitations to access to data
2014,VAST,The Spinel Explorer - Interactive Visual Analysis of Spinel Group Minerals,10.1109/TVCG.2014.2346754,Maria Luján Ganuza;Gabriela Ferracutti;Maria Florencia Gargiulo;Silvia Mabel Castro;Ernesto A. Bjerg;Eduard Gröller;Kresimir Matkovic,NA,NA,NA,10.1109.TVCG.2014.2346754,The Spinel Explorer - Interactive Visual Analysis of Spinel Group Minerals,10.1109/TVCG.2014.2346754,NA,2014,Y,Tectonic setting based on the chemical compsotion of the spinel group minerals dataset,Include,NA,Stated as gaols
2014,VAST,The Spinel Explorer - Interactive Visual Analysis of Spinel Group Minerals,10.1109/TVCG.2014.2346754,Maria Luján Ganuza;Gabriela Ferracutti;Maria Florencia Gargiulo;Silvia Mabel Castro;Ernesto A. Bjerg;Eduard Gröller;Kresimir Matkovic,NA,NA,NA,10.1109.TVCG.2014.2346754,The Spinel Explorer - Interactive Visual Analysis of Spinel Group Minerals,10.1109/TVCG.2014.2346754,NA,2014,Y,Geological process linked with the composition variation of the spinel group minerals dataset,Include,NA,Stated as gaols
2015,InfoVis,"Matches, Mismatches, and Methods: Multiple-View Workflows for Energy Portfolio Analysis",10.1109/TVCG.2015.2466971,Matthew Brehmer;Jocelyn Ng;Kevin Tate;Tamara Munzner,NA,NA,NA,10.1109.TVCG.2015.2466971,"Matches, Mismatches, and Methods: Multiple-View Workflows for Energy Portfolio Analysis",10.1109/TVCG.2015.2466971,NA,2015,Y,"Overview (trends, outliers, distributions, extreme calues, similarities)",Include,NA,NA
2015,InfoVis,"Matches, Mismatches, and Methods: Multiple-View Workflows for Energy Portfolio Analysis",10.1109/TVCG.2015.2466971,Matthew Brehmer;Jocelyn Ng;Kevin Tate;Tamara Munzner,NA,NA,NA,10.1109.TVCG.2015.2466971,"Matches, Mismatches, and Methods: Multiple-View Workflows for Energy Portfolio Analysis",10.1109/TVCG.2015.2466971,NA,2015,Y,"Drill down (compare trends, outliers, and features)",Include,NA,NA
2015,InfoVis,"Matches, Mismatches, and Methods: Multiple-View Workflows for Energy Portfolio Analysis",10.1109/TVCG.2015.2466971,Matthew Brehmer;Jocelyn Ng;Kevin Tate;Tamara Munzner,NA,NA,NA,10.1109.TVCG.2015.2466971,"Matches, Mismatches, and Methods: Multiple-View Workflows for Energy Portfolio Analysis",10.1109/TVCG.2015.2466971,NA,2015,Y,"Roll Up (Exlpre and locate trend,s outliers, and features)",Include,NA,NA
2015,InfoVis,Visually Comparing Weather Features in Forecasts,10.1109/TVCG.2015.2467754,P. Samuel Quinan;Miriah D. Meyer,NA,NA,NA,10.1109.TVCG.2015.2467754,Visually Comparing Weather Features in Forecasts,10.1109/TVCG.2015.2467754,NA,2015,N,NA,Exclude,Y,"Good paper on limitations to data access. Some things are obvious, like showing weather and uncertainty. But it falls outside of the critieria I want to indentifying tasks"
2015,InfoVis,Poemage: Visualizing the Sonic Topology of a Poem,10.1109/TVCG.2015.2467811,Nina McCurdy;Julie Lein;Katherine Coles;Miriah D. Meyer,NA,NA,NA,10.1109.TVCG.2015.2467811,Poemage: Visualizing the Sonic Topology of a Poem,10.1109/TVCG.2015.2467811,NA,2015,N,NA,Include,NA,"Use ""Goals to Task"" interpretation"
2015,InfoVis,Poemage: Visualizing the Sonic Topology of a Poem,10.1109/TVCG.2015.2467811,Nina McCurdy;Julie Lein;Katherine Coles;Miriah D. Meyer,NA,NA,NA,10.1109.TVCG.2015.2467811,Poemage: Visualizing the Sonic Topology of a Poem,10.1109/TVCG.2015.2467811,NA,2015,N,NA,Include,NA,"Use ""Goals to Task"" interpretation"
2015,SciVis,Interactive Visualization for Singular Fibers of Functions f : R3 -> R2,10.1109/TVCG.2015.2467433,Daisuke Sakurai;Osamu Saeki;Hamish Carr;Hsiang-Yun Wu;Takahiro Yamamoto;David J. Duke;Shigeo Takahashi,NA,NA,NA,10.1109.TVCG.2015.2467433,Interactive Visualization for Singular Fibers of Functions f : R3 -> R2,10.1109/TVCG.2015.2467433,NA,2015,Y,Undesrtand fiber topology from equations,Include,NA,"Paper has section on ""task support"" where the task is clearly stated"
2015,VAST,VisOHC: Designing Visual Analytics for Online Health Communities,10.1109/TVCG.2015.2467555,Bum Chul Kwon;Sung-Hee Kim;Sukwon Lee;Jaegul Choo;Jina Huh;Ji Soo Yi,NA,NA,NA,10.1109.TVCG.2015.2467555,VisOHC: Designing Visual Analytics for Online Health Communities,10.1109/TVCG.2015.2467555,NA,2015,Y,Discovery and compare characteristics of individual threas,Include,NA,NA
2015,VAST,VisOHC: Designing Visual Analytics for Online Health Communities,10.1109/TVCG.2015.2467555,Bum Chul Kwon;Sung-Hee Kim;Sukwon Lee;Jaegul Choo;Jina Huh;Ji Soo Yi,NA,NA,NA,10.1109.TVCG.2015.2467555,VisOHC: Designing Visual Analytics for Online Health Communities,10.1109/TVCG.2015.2467555,NA,2015,Y,Understand conversaation patterns,Include,NA,NA
2015,VAST,VisOHC: Designing Visual Analytics for Online Health Communities,10.1109/TVCG.2015.2467555,Bum Chul Kwon;Sung-Hee Kim;Sukwon Lee;Jaegul Choo;Jina Huh;Ji Soo Yi,NA,NA,NA,10.1109.TVCG.2015.2467555,VisOHC: Designing Visual Analytics for Online Health Communities,10.1109/TVCG.2015.2467555,NA,2015,Y,Understand the contents of the posts,Include,NA,NA
2015,VAST,VisOHC: Designing Visual Analytics for Online Health Communities,10.1109/TVCG.2015.2467555,Bum Chul Kwon;Sung-Hee Kim;Sukwon Lee;Jaegul Choo;Jina Huh;Ji Soo Yi,NA,NA,NA,10.1109.TVCG.2015.2467555,VisOHC: Designing Visual Analytics for Online Health Communities,10.1109/TVCG.2015.2467555,NA,2015,Y,Understand the correlations ebetween diverse measures,Include,NA,NA
2015,VAST,VisOHC: Designing Visual Analytics for Online Health Communities,10.1109/TVCG.2015.2467555,Bum Chul Kwon;Sung-Hee Kim;Sukwon Lee;Jaegul Choo;Jina Huh;Ji Soo Yi,NA,NA,NA,10.1109.TVCG.2015.2467555,VisOHC: Designing Visual Analytics for Online Health Communities,10.1109/TVCG.2015.2467555,NA,2015,Y,Final similar threads,Include,NA,NA
2015,VAST,VisOHC: Designing Visual Analytics for Online Health Communities,10.1109/TVCG.2015.2467555,Bum Chul Kwon;Sung-Hee Kim;Sukwon Lee;Jaegul Choo;Jina Huh;Ji Soo Yi,NA,NA,NA,10.1109.TVCG.2015.2467555,VisOHC: Designing Visual Analytics for Online Health Communities,10.1109/TVCG.2015.2467555,NA,2015,Y,Drill down to details,Include,NA,NA
2015,VAST,VisOHC: Designing Visual Analytics for Online Health Communities,10.1109/TVCG.2015.2467555,Bum Chul Kwon;Sung-Hee Kim;Sukwon Lee;Jaegul Choo;Jina Huh;Ji Soo Yi,NA,NA,NA,10.1109.TVCG.2015.2467555,VisOHC: Designing Visual Analytics for Online Health Communities,10.1109/TVCG.2015.2467555,NA,2015,Y,Confirms findings from text,Include,NA,NA
2016,InfoVis,PROACT: Iterative Design of a Patient-Centered Visualization for Effective Prostate Cancer Health Risk Communication,10.1109/TVCG.2016.2598588,Anzu Hakone;Lane Harrison;Alvitta Ottley;Nathan Winters;Caitlin Gutheil;Paul K. J. Han;Remco Chang,NA,NA,NA,10.1109.TVCG.2016.2598588,PROACT: Iterative Design of a Patient-Centered Visualization for Effective Prostate Cancer Health Risk Communication,10.1109/TVCG.2016.2598588,NA,2016,N,NA,Exclude,NA,"The paper says ""tasks and requirement analysis"" but no specific tasks are listed"
2015,VAST,LiteVis: Integrated Visualization for Simulation-Based Decision Support in Lighting Design,10.1109/TVCG.2015.2468011,Johannes Sorger;Thomas Ortner;Christian Luksch;Michael Schwärzler;Eduard Gröller;Harald Piringer,NA,NA,NA,10.1109.TVCG.2015.2468011,LiteVis: Integrated Visualization for Simulation-Based Decision Support in Lighting Design,10.1109/TVCG.2015.2468011,NA,2015,Y,Scene steup,Include,NA,NA
2015,VAST,LiteVis: Integrated Visualization for Simulation-Based Decision Support in Lighting Design,10.1109/TVCG.2015.2468011,Johannes Sorger;Thomas Ortner;Christian Luksch;Michael Schwärzler;Eduard Gröller;Harald Piringer,NA,NA,NA,10.1109.TVCG.2015.2468011,LiteVis: Integrated Visualization for Simulation-Based Decision Support in Lighting Design,10.1109/TVCG.2015.2468011,NA,2015,Y,Scene parameterization,Include,NA,NA
2015,VAST,LiteVis: Integrated Visualization for Simulation-Based Decision Support in Lighting Design,10.1109/TVCG.2015.2468011,Johannes Sorger;Thomas Ortner;Christian Luksch;Michael Schwärzler;Eduard Gröller;Harald Piringer,NA,NA,NA,10.1109.TVCG.2015.2468011,LiteVis: Integrated Visualization for Simulation-Based Decision Support in Lighting Design,10.1109/TVCG.2015.2468011,NA,2015,Y,Assements of single solutions,Include,NA,NA
2015,VAST,LiteVis: Integrated Visualization for Simulation-Based Decision Support in Lighting Design,10.1109/TVCG.2015.2468011,Johannes Sorger;Thomas Ortner;Christian Luksch;Michael Schwärzler;Eduard Gröller;Harald Piringer,NA,NA,NA,10.1109.TVCG.2015.2468011,LiteVis: Integrated Visualization for Simulation-Based Decision Support in Lighting Design,10.1109/TVCG.2015.2468011,NA,2015,Y,Comparison of multiple solutions,Include,NA,NA
2015,VAST,LiteVis: Integrated Visualization for Simulation-Based Decision Support in Lighting Design,10.1109/TVCG.2015.2468011,Johannes Sorger;Thomas Ortner;Christian Luksch;Michael Schwärzler;Eduard Gröller;Harald Piringer,NA,NA,NA,10.1109.TVCG.2015.2468011,LiteVis: Integrated Visualization for Simulation-Based Decision Support in Lighting Design,10.1109/TVCG.2015.2468011,NA,2015,Y,Decision (weight the results of several indicators),Include,NA,NA
2016,VAST,Visual Analysis of MOOC Forums with iForum,10.1109/TVCG.2016.2598444,Siwei Fu;Jian Zhao;Weiwei Cui;Huamin Qu,NA,NA,NA,10.1109.TVCG.2016.2598444,Visual Analysis of MOOC Forums with iForum,10.1109/TVCG.2016.2598444,NA,2016,Y,Reveal overall temporal dynamics of the whole forum,Include,NA,"Text indicates both goals and design rationales, here I took the design rationales as the tasks"
2016,VAST,Visual Analysis of MOOC Forums with iForum,10.1109/TVCG.2016.2598444,Siwei Fu;Jian Zhao;Weiwei Cui;Huamin Qu,NA,NA,NA,10.1109.TVCG.2016.2598444,Visual Analysis of MOOC Forums with iForum,10.1109/TVCG.2016.2598444,NA,2016,Y,Compare behavioral patterns of user groups with different characteristics.,Include,NA,"Text indicates both goals and design rationales, here I took the design rationales as the tasks"
2016,VAST,Visual Analysis of MOOC Forums with iForum,10.1109/TVCG.2016.2598444,Siwei Fu;Jian Zhao;Weiwei Cui;Huamin Qu,NA,NA,NA,10.1109.TVCG.2016.2598444,Visual Analysis of MOOC Forums with iForum,10.1109/TVCG.2016.2598444,NA,2016,Y,Discover temporal and structural patterns of individual threads,Include,NA,"Text indicates both goals and design rationales, here I took the design rationales as the tasks"
2016,VAST,Visual Analysis of MOOC Forums with iForum,10.1109/TVCG.2016.2598444,Siwei Fu;Jian Zhao;Weiwei Cui;Huamin Qu,NA,NA,NA,10.1109.TVCG.2016.2598444,Visual Analysis of MOOC Forums with iForum,10.1109/TVCG.2016.2598444,NA,2016,Y,Identify social dynamics of users reflect by their activiteis in the forum,Include,NA,"Text indicates both goals and design rationales, here I took the design rationales as the tasks"
2016,VAST,Visual Analysis of MOOC Forums with iForum,10.1109/TVCG.2016.2598444,Siwei Fu;Jian Zhao;Weiwei Cui;Huamin Qu,NA,NA,NA,10.1109.TVCG.2016.2598444,Visual Analysis of MOOC Forums with iForum,10.1109/TVCG.2016.2598444,NA,2016,Y,Display original text,Include,NA,"Text indicates both goals and design rationales, here I took the design rationales as the tasks"
2016,VAST,EventAction: Visual analytics for temporal event sequence recommendation,10.1109/VAST.2016.7883512,Fan Du;Catherine Plaisant;Neil Spring;Ben Shneiderman,NA,NA,NA,10.1109.VAST.2016.7883512,EventAction: Visual analytics for temporal event sequence recommendation,10.1109/VAST.2016.7883512,NA,2016,Y,Find similar archived students,Include,NA,Framed as needs
2016,VAST,EventAction: Visual analytics for temporal event sequence recommendation,10.1109/VAST.2016.7883512,Fan Du;Catherine Plaisant;Neil Spring;Ben Shneiderman,NA,NA,NA,10.1109.VAST.2016.7883512,EventAction: Visual analytics for temporal event sequence recommendation,10.1109/VAST.2016.7883512,NA,2016,Y,Estimate potential outcomes,Include,NA,Framed as needs
2016,VAST,EventAction: Visual analytics for temporal event sequence recommendation,10.1109/VAST.2016.7883512,Fan Du;Catherine Plaisant;Neil Spring;Ben Shneiderman,NA,NA,NA,10.1109.VAST.2016.7883512,EventAction: Visual analytics for temporal event sequence recommendation,10.1109/VAST.2016.7883512,NA,2016,Y,Recommend action,Include,NA,Framed as needs
2016,VAST,EventAction: Visual analytics for temporal event sequence recommendation,10.1109/VAST.2016.7883512,Fan Du;Catherine Plaisant;Neil Spring;Ben Shneiderman,NA,NA,NA,10.1109.VAST.2016.7883512,EventAction: Visual analytics for temporal event sequence recommendation,10.1109/VAST.2016.7883512,NA,2016,Y,Evaluate action plans,Include,NA,Framed as needs
2016,VAST,EventAction: Visual analytics for temporal event sequence recommendation,10.1109/VAST.2016.7883512,Fan Du;Catherine Plaisant;Neil Spring;Ben Shneiderman,NA,NA,NA,10.1109.VAST.2016.7883512,EventAction: Visual analytics for temporal event sequence recommendation,10.1109/VAST.2016.7883512,NA,2016,Y,Protect Privacy,Include,NA,Framed as needs
2017,VAST,QSAnglyzer: Visual Analytics for Prismatic Analysis of Question Answering System Evaluations,NA,NA,"THURSDAY, OCTOBER 58:30am-10:10amRoom: 301-CVAST: Visual Representation and Design StudySession Chair: Jinwook Seo",Visual Representation and Design Study,https://vimeo.com/230829824,NA,QSAnglyzer: Visual Analytics for Prismatic Analysis of Question Answering System Evaluations,NA,NA,2017,NA,NA,NA,NA,NA
2017,VAST,A Visual Analytics System for Optimizing Communications in Massively Parallel Applications,NA,NA,"THURSDAY, OCTOBER 58:30am-10:10amRoom: 301-CVAST: Visual Representation and Design StudySession Chair: Jinwook Seo",Visual Representation and Design Study,https://vimeo.com/230830776,NA,A Visual Analytics System for Optimizing Communications in Massively Parallel Applications,NA,NA,2017,NA,NA,NA,NA,NA
2017,VAST,Visualizing Real-Time Strategy Games: The Example of StarCraft II,NA,NA,"THURSDAY, OCTOBER 58:30am-10:10amRoom: 301-CVAST: Visual Representation and Design StudySession Chair: Jinwook Seo",Visual Representation and Design Study,https://vimeo.com/230830320,NA,Visualizing Real-Time Strategy Games: The Example of StarCraft II,NA,NA,2017,NA,NA,NA,NA,NA
2017,VAST,A Utility-aware Visual Approach for Anonymizing Multi-attribute Tabular Data,https://doi.org/10.1109/TVCG.2017.2745139,NA,"THURSDAY, OCTOBER 58:30am-10:10amRoom: 301-CVAST: Visual Representation and Design StudySession Chair: Jinwook Seo",Visual Representation and Design Study,https://vimeo.com/230830747,https:..doi.org.10.1109.TVCG.2017.2745139,A Utility-aware Visual Approach for Anonymizing Multi-attribute Tabular Data,https://doi.org/10.1109/TVCG.2017.2745139,NA,2017,NA,NA,NA,NA,NA
2017,VAST,The y of it Matters: Even for Storyline Visualization,NA,"Dustin Arendt, Megan Pirrung","THURSDAY, OCTOBER 58:30am-10:10amRoom: 301-CVAST: Visual Representation and Design StudySession Chair: Jinwook Seo",Visual Representation and Design Study,https://vimeo.com/230830077,NA,The y of it Matters: Even for Storyline Visualization,NA,NA,2017,NA,NA,NA,NA,NA
2016,SciVis,Visualization as Seen Through its Research Paper Keywords,NA,NA,"TUESDAY, OCTOBER 25TH2:00-3:40Room: Key 1+2+5SciVis: Design Studies and EvaluationSession Chair: Helwig Hauser",Design Studies and Evaluation,NA,NA,Visualization as Seen Through its Research Paper Keywords,NA,NA,2016,NA,NA,NA,NA,NA
2016,SciVis,Comparing Cross-Sections and 3D Renderings for Surface Matching Tasks using Physical Ground Truths,NA,NA,"TUESDAY, OCTOBER 25TH2:00-3:40Room: Key 1+2+5SciVis: Design Studies and EvaluationSession Chair: Helwig Hauser",Design Studies and Evaluation,NA,NA,Comparing Cross-Sections and 3D Renderings for Surface Matching Tasks using Physical Ground Truths,NA,NA,2016,NA,NA,NA,NA,NA
2016,SciVis,Urban Pulse: Capturing the Rhythm of Cities,NA,NA,"TUESDAY, OCTOBER 25TH2:00-3:40Room: Key 1+2+5SciVis: Design Studies and EvaluationSession Chair: Helwig Hauser",Design Studies and Evaluation,NA,NA,Urban Pulse: Capturing the Rhythm of Cities,NA,NA,2016,NA,NA,NA,NA,NA
2016,SciVis,Visualization and Extraction of Carvings for Heritage Conservation,NA,NA,"TUESDAY, OCTOBER 25TH2:00-3:40Room: Key 1+2+5SciVis: Design Studies and EvaluationSession Chair: Helwig Hauser",Design Studies and Evaluation,NA,NA,Visualization and Extraction of Carvings for Heritage Conservation,NA,NA,2016,NA,NA,NA,NA,NA
2016,SciVis,In Situ Distribution Guided Analysis and Visualization of Transonic Jet Engine Simulations,NA,NA,"TUESDAY, OCTOBER 25TH2:00-3:40Room: Key 1+2+5SciVis: Design Studies and EvaluationSession Chair: Helwig Hauser",Design Studies and Evaluation,NA,NA,In Situ Distribution Guided Analysis and Visualization of Transonic Jet Engine Simulations,NA,NA,2016,NA,NA,NA,NA,NA
2015,InfoVis,Sketching designs using the Five Design-Sheet methodology ,NA,"Jonathan C. Roberts, Chris Headleand, Panagiotis D. Ritsos"," WEDNESDAY, OCTOBER 28 10:30-12:10Room: Grand InfoVis: Design Studies and MethodologySession Chair: Michael Sedlmair",Design Studies and Methodology,http://vimeo.com/groups/vis2015previews/videos/136205787,NA,Sketching designs using the Five Design-Sheet methodology ,NA,NA,2015,NA,NA,NA,NA,NA
2015,InfoVis,Bridging Theory with Practice: An Exploratory Study of Visualization Use and Design for Climate Model Comparison,NA,"Aritra Dasgupta, Jorge Poco, Yaxing Wei, Robert Cook, Enrico Bertini, Claudio T. Silva"," WEDNESDAY, OCTOBER 28 10:30-12:10Room: Grand InfoVis: Design Studies and MethodologySession Chair: Michael Sedlmair",Design Studies and Methodology,http://vimeo.com/groups/vis2015previews/videos/136210800,NA,Bridging Theory with Practice: An Exploratory Study of Visualization Use and Design for Climate Model Comparison,NA,NA,2015,NA,NA,NA,NA,NA
2015,InfoVis,Speculative Practises: Utilizing InfoVis to Explore Untapped Literary Collections ,NA,"Uta Hinrichs, Stefania Forlini, Bridget Moynihan"," WEDNESDAY, OCTOBER 28 10:30-12:10Room: Grand InfoVis: Design Studies and MethodologySession Chair: Michael Sedlmair",Design Studies and Methodology,http://vimeo.com/groups/vis2015previews/videos/136205848,NA,Speculative Practises: Utilizing InfoVis to Explore Untapped Literary Collections ,NA,NA,2015,NA,NA,NA,NA,NA
2015,InfoVis,Poemage: Visualizing the Sonic Topology of a Poem ,NA,"Nina McCurdy, Julie Lein, Katharine Coles, Miriah Meyer"," WEDNESDAY, OCTOBER 28 10:30-12:10Room: Grand InfoVis: Design Studies and MethodologySession Chair: Michael Sedlmair",Design Studies and Methodology,http://vimeo.com/groups/vis2015previews/videos/136205958,NA,Poemage: Visualizing the Sonic Topology of a Poem ,NA,NA,2015,NA,NA,NA,NA,NA
2015,InfoVis,"Matches, Mismatches, and Methods: Multiple-View Workflows for Energy Portfolio Analysis ",NA,"Matthew Brehmer, Jocelyn Ng, Kevin Tate, Tamara Munzner"," WEDNESDAY, OCTOBER 28 10:30-12:10Room: Grand InfoVis: Design Studies and MethodologySession Chair: Michael Sedlmair",Design Studies and Methodology,http://vimeo.com/groups/vis2015previews/videos/136145346,NA,"Matches, Mismatches, and Methods: Multiple-View Workflows for Energy Portfolio Analysis ",NA,NA,2015,NA,NA,NA,NA,NA
2018,InfoVis,Using Dashboard Networks to Visualize Multiple Patient Histories: A Design Study on Post-operative Prostate Cancer,NA,"Jürgen Bernard, David Sessler, Jörn Kohlhammer, Roy A. Ruddle","TUESDAY, OCTOBER 232:05pm-4:00pmConvention Hall 1, Section DInfoVis: Opening & Multiple DimensionsSession Chair: Arvind Satyanarayan",Opening & Multiple Dimensions,NA,NA,Using Dashboard Networks to Visualize Multiple Patient Histories: A Design Study on Post-operative Prostate Cancer,NA,NA,2018,NA,NA,NA,NA,NA
2017,InfoVis,Bridging From Goals to Tasks with Design Study Analysis Reports,https://doi.org/10.1109/TVCG.2017.2744319,"Heidi Lam, Melanie Tory, Tamara Munzner","WEDNESDAY, OCTOBER 410:30am-12:10pmRoom: 301-DInfoVis: DesignSession Chair: Angus Forbes",Design,https://vimeo.com/230841235,https:..doi.org.10.1109.TVCG.2017.2744319,Bridging From Goals to Tasks with Design Study Analysis Reports,https://doi.org/10.1109/TVCG.2017.2744319,NA,2017,NA,NA,NA,NA,NA
NA,NA,NA,NA,NA,NA,NA,NA,10.1109.TVCG.2013.214,Variant View: Visualizing Sequence Variants in their Gene Context,10.1109/TVCG.2013.214,http://dx.doi.org/10.1109/TVCG.2013.214,2013,Y,Discover Genes,Include,NA,NA
NA,NA,NA,NA,NA,NA,NA,NA,10.1109.TVCG.2013.214,Variant View: Visualizing Sequence Variants in their Gene Context,10.1109/TVCG.2013.214,http://dx.doi.org/10.1109/TVCG.2013.214,2013,Y,Compare Patient,Include,NA,NA
NA,NA,NA,NA,NA,NA,NA,NA,10.1109.TVCG.2013.214,Variant View: Visualizing Sequence Variants in their Gene Context,10.1109/TVCG.2013.214,http://dx.doi.org/10.1109/TVCG.2013.214,2013,Y,Debug Pipeline,Include,NA,NA
NA,NA,NA,NA,NA,NA,NA,NA,10.1109.TVCG.2013.145,Creative User-Centered Visualization Design for Energy Analysts and Modelers,10.1109/TVCG.2013.145,http://dx.doi.org/10.1109/TVCG.2013.145,2013,N,NA,Exclude,Y,"Creative design process, possibly useful?"
NA,NA,NA,NA,NA,NA,NA,NA,10.1109.TVCG.2013.209,Understanding Interfirm Relationships in Business Ecosystems with Interactive Visualization,10.1109/TVCG.2013.209,http://dx.doi.org/10.1109/TVCG.2013.209,2013,Y,Top-down and bottom-up examination of ecosystem,Include,Y,"Framed as design requirements; also specific tasks on evaluation that relate to, but are not identical to the design requirements"
NA,NA,NA,NA,NA,NA,NA,NA,10.1109.TVCG.2013.209,Understanding Interfirm Relationships in Business Ecosystems with Interactive Visualization,10.1109/TVCG.2013.209,http://dx.doi.org/10.1109/TVCG.2013.209,2013,Y,"Understanding interfirm connectivity, compsition, and temporality",Include,NA,"Framed as design requirements; also specific tasks on evaluation that relate to, but are not identical to the design requirements"
NA,NA,NA,NA,NA,NA,NA,NA,10.1109.TVCG.2013.209,Understanding Interfirm Relationships in Business Ecosystems with Interactive Visualization,10.1109/TVCG.2013.209,http://dx.doi.org/10.1109/TVCG.2013.209,2013,Y,Comparative perspectives,Include,NA,"Framed as design requirements; also specific tasks on evaluation that relate to, but are not identical to the design requirements"
NA,NA,NA,NA,NA,NA,NA,NA,10.1109.TVCG.2013.209,Understanding Interfirm Relationships in Business Ecosystems with Interactive Visualization,10.1109/TVCG.2013.209,http://dx.doi.org/10.1109/TVCG.2013.209,2013,Y,"Communicate agreement summaries, details on demand",Include,NA,"Framed as design requirements; also specific tasks on evaluation that relate to, but are not identical to the design requirements"
NA,NA,NA,NA,NA,NA,NA,NA,10.1109.TVCG.2013.163,Hybrid-Image Visualization for Large Viewing Environments,10.1109/TVCG.2013.163,http://dx.doi.org/10.1109/TVCG.2013.163,2013,N,NA,Exclude,NA,NA
NA,NA,NA,NA,NA,NA,NA,NA,10.1109.TVCG.2013.210,A Design Space for Effective Visual Comparison of Measures with Extreme Magnitude and Unfamiliar Units,10.1109/TVCG.2013.210,http://dx.doi.org/10.1109/TVCG.2013.210,2013,Y,Value retrival and Visaul Comparison?,Potentially Exclude,NA,Stated in text
NA,NA,NA,NA,NA,NA,NA,NA,10.1109.TVCG.2013.227,Visual Sedimentation,10.1109/TVCG.2013.227,http://dx.doi.org/10.1109/TVCG.2013.227,2013,NA,NA,NA,NA,NA
NA,NA,NA,NA,NA,NA,NA,NA,10.1109.TVCG.2013.140,Common Angle Plots as perception-true visualizations of categorical associations,10.1109/TVCG.2013.140,http://dx.doi.org/10.1109/TVCG.2013.140,2013,N,NA,Exclude,Y,"Another group with experimental tasks, and ambigious real world tasks"
NA,NA,NA,NA,NA,NA,NA,NA,10.1109.TVCG.2013.233,Visualizing request-flow comparison to aid performance diagnosis in distributed systems,10.1109/TVCG.2013.233,http://dx.doi.org/10.1109/TVCG.2013.233,2013,NA,NA,NA,NA,NA
NA,NA,NA,NA,NA,NA,NA,NA,10.1109.TVCG.2013.192,SoccerCover: A Kick-off for Soccer Visual Analytics,10.1109/TVCG.2013.192,http://dx.doi.org/10.1109/TVCG.2013.192,2013,Y,Identify relationships between cell line responses to drug treatment and genomic data,Include,NA,NA
NA,NA,NA,NA,NA,NA,NA,NA,10.1109.TVCG.2013.154,Entourage: Visualizing Relationships between Biological Pathways using Contextual Subsets,10.1109/TVCG.2013.154,http://dx.doi.org/10.1109/TVCG.2013.154,2013,Y,Mobjects Exploration,Include,NA,NA
NA,NA,NA,NA,NA,NA,NA,NA,10.1109.TVCG.2013.177,MObjects - A Novel Method for the Visualization and Interactive Exploration of Defects in Industrial XCT Data,10.1109/TVCG.2013.177,http://dx.doi.org/10.1109/TVCG.2013.177,2013,Y,Mobjects Visualization,Include,NA,NA
NA,NA,NA,NA,NA,NA,NA,NA,10.1109.TVCG.2013.177,MObjects - A Novel Method for the Visualization and Interactive Exploration of Defects in Industrial XCT Data,10.1109/TVCG.2013.177,http://dx.doi.org/10.1109/TVCG.2013.177,2013,Y,Local Mobject Visualization,Include,NA,NA
NA,NA,NA,NA,NA,NA,NA,NA,10.1109.TVCG.2013.159,Fast generation of virtual X-ray images from deformable tetrahedral meshes,10.1109/TVCG.2013.159,http://dx.doi.org/10.1109/TVCG.2013.159,2013,N,NA,Exclude,NA,NA
NA,NA,NA,NA,NA,NA,NA,NA,10.1109.TVCG.2013.131,An Exploration Framework to Identify and Track Movement of Cloud Systems,10.1109/TVCG.2013.131,http://dx.doi.org/10.1109/TVCG.2013.131,2013,N,NA,Exclude,NA,NA
NA,NA,NA,NA,NA,NA,NA,NA,10.1109.TVCG.2013.121,A Lightweight Tangible 3D Interface for Interactive Visualization of Thin Fiber Structures,10.1109/TVCG.2013.121,http://dx.doi.org/10.1109/TVCG.2013.121,2013,Y,Undersatand fiber orientation through a volume,Include,NA,Stated in Abstract
NA,NA,NA,NA,NA,NA,NA,NA,10.1109.TVCG.2013.189,Robust Vortex Extraction in 4D PC-MRI Cardiac Blood Flow Data using Line Predicates,10.1109/TVCG.2013.189,http://dx.doi.org/10.1109/TVCG.2013.189,2013,N,NA,Exclude,NA,Possibly exploration? But it seems like their goal was to make it less subjective?
NA,NA,NA,NA,NA,NA,NA,NA,10.1109.TVCG.2013.142,ConnectomeExplorer - Query-Guided Visual Analysis of Large Volumetric Neuroscience Data,10.1109/TVCG.2013.142,http://dx.doi.org/10.1109/TVCG.2013.142,2013,Y,Dynamically query correlations based on confidence level,Include,NA,NA
NA,NA,NA,NA,NA,NA,NA,NA,10.1109.TVCG.2013.161,GRACE: A Visual Comparison Framework for Integrated Spatial and Non-Spatial Geriatric Data,10.1109/TVCG.2013.161,http://dx.doi.org/10.1109/TVCG.2013.161,2013,Y,"For the same non-spatial variable, compare correlations to spatial variable",Include,NA,NA
NA,NA,NA,NA,NA,NA,NA,NA,10.1109.TVCG.2013.161,GRACE: A Visual Comparison Framework for Integrated Spatial and Non-Spatial Geriatric Data,10.1109/TVCG.2013.161,http://dx.doi.org/10.1109/TVCG.2013.161,2013,Y,"For the same spatial variable, compare correlations to non-spatial variable",Include,NA,NA
NA,NA,NA,NA,NA,NA,NA,NA,10.1109.TVCG.2013.161,GRACE: A Visual Comparison Framework for Integrated Spatial and Non-Spatial Geriatric Data,10.1109/TVCG.2013.161,http://dx.doi.org/10.1109/TVCG.2013.161,2013,Y,Compare correlation fo a subgroup of spatial locations,Include,NA,NA
NA,NA,NA,NA,NA,NA,NA,NA,10.1109.TVCG.2013.161,GRACE: A Visual Comparison Framework for Integrated Spatial and Non-Spatial Geriatric Data,10.1109/TVCG.2013.161,http://dx.doi.org/10.1109/TVCG.2013.161,2013,Y,Detect spatial patterns for a particular non-spatial variable,Include,NA,NA
NA,NA,NA,NA,NA,NA,NA,NA,10.1109.TVCG.2013.161,GRACE: A Visual Comparison Framework for Integrated Spatial and Non-Spatial Geriatric Data,10.1109/TVCG.2013.161,http://dx.doi.org/10.1109/TVCG.2013.161,2013,Y,Detect non-spatial variables that vary in the sam way,Include,NA,NA
NA,NA,NA,NA,NA,NA,NA,NA,10.1109.TVCG.2013.161,GRACE: A Visual Comparison Framework for Integrated Spatial and Non-Spatial Geriatric Data,10.1109/TVCG.2013.161,http://dx.doi.org/10.1109/TVCG.2013.161,2013,Y,Compare correlations computed through a particular algorithm,Include,NA,NA
NA,NA,NA,NA,NA,NA,NA,NA,10.1109.TVCG.2013.219,Vis4Heritage: Visual Analytics Approach on Grotto Wall Painting Degradations,10.1109/TVCG.2013.219,http://dx.doi.org/10.1109/TVCG.2013.219,2013,N,NA,Exclude,Y,NA
NA,NA,NA,NA,NA,NA,NA,NA,10.1109.TVCG.2013.222,Visual Analytics for Model Selection in Time Series Analysis,10.1109/TVCG.2013.222,http://dx.doi.org/10.1109/TVCG.2013.222,2013,Y,Model selection in time series data,Include,Y,Stated in abstract
NA,NA,NA,NA,NA,NA,NA,NA,10.1109.TVCG.2013.223,Visual Analytics for Multimodal Social Network Analysis: A Design Study with Social Scientists,10.1109/TVCG.2013.223,http://dx.doi.org/10.1109/TVCG.2013.223,2013,Y,Identify a node with an extreme network metric,Include,Y,"Another group with experimental tasks, and ambigious real world tasks"
NA,NA,NA,NA,NA,NA,NA,NA,10.1109.TVCG.2013.223,Visual Analytics for Multimodal Social Network Analysis: A Design Study with Social Scientists,10.1109/TVCG.2013.223,http://dx.doi.org/10.1109/TVCG.2013.223,2013,Y,Correlate within-mode and between-mode network,Include,Y,"Another group with experimental tasks, and ambigious real world tasks"
NA,NA,NA,NA,NA,NA,NA,NA,10.1109.TVCG.2013.223,Visual Analytics for Multimodal Social Network Analysis: A Design Study with Social Scientists,10.1109/TVCG.2013.223,http://dx.doi.org/10.1109/TVCG.2013.223,2013,Y,Correlate attributes and between-mode network,Include,Y,"Another group with experimental tasks, and ambigious real world tasks"
NA,NA,NA,NA,NA,NA,NA,NA,10.1109.TVCG.2013.223,Visual Analytics for Multimodal Social Network Analysis: A Design Study with Social Scientists,10.1109/TVCG.2013.223,http://dx.doi.org/10.1109/TVCG.2013.223,2013,Y,Correlated attribute and withing-mode network,Include,Y,"Another group with experimental tasks, and ambigious real world tasks"
NA,NA,NA,NA,NA,NA,NA,NA,10.1109.TVCG.2013.125,A Partition-Based Framework for Building and Validating Regression Models,10.1109/TVCG.2013.125,http://dx.doi.org/10.1109/TVCG.2013.125,2013,Y,Identification of explaining features,Include,NA,NA
NA,NA,NA,NA,NA,NA,NA,NA,10.1109.TVCG.2013.125,A Partition-Based Framework for Building and Validating Regression Models,10.1109/TVCG.2013.125,http://dx.doi.org/10.1109/TVCG.2013.125,2013,Y,Analysis of prediction bias,Include,NA,NA
NA,NA,NA,NA,NA,NA,NA,NA,10.1109.TVCG.2013.125,A Partition-Based Framework for Building and Validating Regression Models,10.1109/TVCG.2013.125,http://dx.doi.org/10.1109/TVCG.2013.125,2013,Y,Assessment of prediction accuracy,Include,NA,NA
NA,NA,NA,NA,NA,NA,NA,NA,10.1109.TVCG.2013.125,A Partition-Based Framework for Building and Validating Regression Models,10.1109/TVCG.2013.125,http://dx.doi.org/10.1109/TVCG.2013.125,2013,Y,Comparison of two models,Include,NA,NA
NA,NA,NA,NA,NA,NA,NA,NA,10.1109.TVCG.2013.125,A Partition-Based Framework for Building and Validating Regression Models,10.1109/TVCG.2013.125,http://dx.doi.org/10.1109/TVCG.2013.125,2013,Y,Exposing uncertainty of model ensembles,Include,NA,NA
NA,NA,NA,NA,NA,NA,NA,NA,10.1109.TVCG.2013.178,MotionExplorer: Exploratory Search in Human Motion Capture Data Based On Hierarchical Aggregation,10.1109/TVCG.2013.178,http://dx.doi.org/10.1109/TVCG.2013.178,2013,Y,Which variations of poses are available in the data set?,Include,NA,"There are four simple questions (which I used) and also 10 requirements, which I did not use."
NA,NA,NA,NA,NA,NA,NA,NA,10.1109.TVCG.2013.178,MotionExplorer: Exploratory Search in Human Motion Capture Data Based On Hierarchical Aggregation,10.1109/TVCG.2013.178,http://dx.doi.org/10.1109/TVCG.2013.178,2013,Y,How can queries be specified intutiatvely?,Include,NA,NA
NA,NA,NA,NA,NA,NA,NA,NA,10.1109.TVCG.2013.178,MotionExplorer: Exploratory Search in Human Motion Capture Data Based On Hierarchical Aggregation,10.1109/TVCG.2013.178,http://dx.doi.org/10.1109/TVCG.2013.178,2013,Y,Which style variations exist from start post A to end pose B?,Include,NA,NA
NA,NA,NA,NA,NA,NA,NA,NA,10.1109.TVCG.2013.178,MotionExplorer: Exploratory Search in Human Motion Capture Data Based On Hierarchical Aggregation,10.1109/TVCG.2013.178,http://dx.doi.org/10.1109/TVCG.2013.178,2013,Y,Find related pathways,Include,NA,NA
NA,NA,NA,NA,NA,NA,NA,NA,10.1109.TVCG.2013.178,MotionExplorer: Exploratory Search in Human Motion Capture Data Based On Hierarchical Aggregation,10.1109/TVCG.2013.178,http://dx.doi.org/10.1109/TVCG.2013.178,2013,Y,Identify high-level relationships of pathways,Include,NA,NA
NA,NA,NA,NA,NA,NA,NA,NA,10.1109.TVCG.2013.178,MotionExplorer: Exploratory Search in Human Motion Capture Data Based On Hierarchical Aggregation,10.1109/TVCG.2013.178,http://dx.doi.org/10.1109/TVCG.2013.178,2013,Y,Identify the role of a gene in multiple pathways,Include,NA,NA
NA,NA,NA,NA,NA,NA,NA,NA,10.1109.TVCG.2013.178,MotionExplorer: Exploratory Search in Human Motion Capture Data Based On Hierarchical Aggregation,10.1109/TVCG.2013.178,http://dx.doi.org/10.1109/TVCG.2013.178,2013,Y,Find path intersections,Include,NA,NA
NA,NA,NA,NA,NA,NA,NA,NA,10.1109.TVCG.2013.178,MotionExplorer: Exploratory Search in Human Motion Capture Data Based On Hierarchical Aggregation,10.1109/TVCG.2013.178,http://dx.doi.org/10.1109/TVCG.2013.178,2013,Y,Identify subset of pathways that warrant detailed investigation,Include,NA,NA
NA,NA,NA,NA,NA,NA,NA,NA,10.1109.TVCG.2013.132,An Extensible Framework for Provenance in Human Terrain Visual Analytics,10.1109/TVCG.2013.132,http://dx.doi.org/10.1109/TVCG.2013.132,2013,N,NA,Exclude,NA,NA
NA,NA,NA,NA,NA,NA,NA,NA,10.1109.TVCG.2013.167,Interactive Exploration of Implicit and Explicit Relations in Faceted Datasets,10.1109/TVCG.2013.167,http://dx.doi.org/10.1109/TVCG.2013.167,2013,N,NA,Exclude,Y,"There are tasks listed, but it doesn't appear to be a user defined task, it's that they came up with the tasks and evaluated people on them. Hence, excluding it."
NA,NA,NA,NA,NA,NA,NA,NA,10.1109.TVCG.2013.211,Using Interactive Visual Reasoning to Support Sense-making: Implications for Design,10.1109/TVCG.2013.211,http://dx.doi.org/10.1109/TVCG.2013.211,2013,N,NA,Exclude,Y,"Potential, but hard to parse out"
NA,NA,NA,NA,NA,NA,NA,NA,10.1109.TVCG.2013.221,Visual Analysis of Topic Competition on Social Media,10.1109/TVCG.2013.221,http://dx.doi.org/10.1109/TVCG.2013.221,2013,Y,Which opinion leder groups contribute most to the competitiveness of a topic?,Include,NA,Framed as Design Goals
NA,NA,NA,NA,NA,NA,NA,NA,10.1109.TVCG.2013.221,Visual Analysis of Topic Competition on Social Media,10.1109/TVCG.2013.221,http://dx.doi.org/10.1109/TVCG.2013.221,2013,Y,What commonalitites and differences among opinion leader with refard to their time-varying influences on the public agenda?,Include,NA,Framed as Design Goals
NA,NA,NA,NA,NA,NA,NA,NA,10.1109.TVCG.2013.221,Visual Analysis of Topic Competition on Social Media,10.1109/TVCG.2013.221,http://dx.doi.org/10.1109/TVCG.2013.221,2013,Y,How do the influence and topical focus of the opinion leaders evolve?,Include,NA,Framed as Design Goals
NA,NA,NA,NA,NA,NA,NA,NA,10.1109.TVCG.2013.221,Visual Analysis of Topic Competition on Social Media,10.1109/TVCG.2013.221,http://dx.doi.org/10.1109/TVCG.2013.221,2013,Y,How to topics compete with each other pairwisely?,Include,NA,Framed as Design Goals
NA,NA,NA,NA,NA,NA,NA,NA,10.1109.TVCG.2013.221,Visual Analysis of Topic Competition on Social Media,10.1109/TVCG.2013.221,http://dx.doi.org/10.1109/TVCG.2013.221,2013,Y,"Given temporal trend in the ris and fall of topic competitiveness, is it possible that the occurrence of an event would trigger an increase in the competitiveness of a topic?",Include,NA,Framed as Design Goals
NA,NA,NA,NA,NA,NA,NA,NA,10.1109.TVCG.2013.221,Visual Analysis of Topic Competition on Social Media,10.1109/TVCG.2013.221,http://dx.doi.org/10.1109/TVCG.2013.221,2013,Y,"For the evolutionary and co-ecolutionary patterns discovered, could preliminary hypohtesis be formed on the possible causes?",Include,NA,Framed as Design Goals
NA,NA,NA,NA,NA,NA,NA,NA,10.1109.TVCG.2013.162,HierarchicalTopics: Visually Exploring Large Text Collections Using Topic Hierarchies,10.1109/TVCG.2013.162,http://dx.doi.org/10.1109/TVCG.2013.162,2013,Y,How to orgnaize the topics to facilitate the navigation and analysis with the topic space?,Include,NA,Framed as challenges
NA,NA,NA,NA,NA,NA,NA,NA,10.1109.TVCG.2013.162,HierarchicalTopics: Visually Exploring Large Text Collections Using Topic Hierarchies,10.1109/TVCG.2013.162,http://dx.doi.org/10.1109/TVCG.2013.162,2013,Y,How to visually convey and permit user interactions with the organized topic results so that users can classify the topics based on their interests?,Include,NA,Framed as challenges
NA,NA,NA,NA,NA,NA,NA,NA,10.1109.TVCG.2013.162,HierarchicalTopics: Visually Exploring Large Text Collections Using Topic Hierarchies,10.1109/TVCG.2013.162,http://dx.doi.org/10.1109/TVCG.2013.162,2013,Y,How to modify existing vsual metaphors to accommodate the organization of a large number of topics,Include,NA,Framed as challenges
NA,NA,NA,NA,NA,NA,NA,NA,10.1109.TVCG.2013.162,HierarchicalTopics: Visually Exploring Large Text Collections Using Topic Hierarchies,10.1109/TVCG.2013.162,http://dx.doi.org/10.1109/TVCG.2013.162,2013,Y,Statistical analysis and comparison,Potentially Exclude,NA,"Kind of hidden, not a complete list here"
NA,NA,NA,NA,NA,NA,NA,NA,10.1109.TVCG.2013.162,HierarchicalTopics: Visually Exploring Large Text Collections Using Topic Hierarchies,10.1109/TVCG.2013.162,http://dx.doi.org/10.1109/TVCG.2013.162,2013,Y,Data Clean up,Potentially Exclude,NA,"Kind of hidden, not a complete list here"
NA,NA,NA,NA,NA,NA,NA,NA,10.1109.TVCG.2013.226,Visual Exploration of Big Spatio-Temporal Urban Data: A Study of New York City Cab Trips,10.1109/TVCG.2013.226,http://dx.doi.org/10.1109/TVCG.2013.226,2013,NA,NA,NA,NA,NA
NA,NA,NA,NA,NA,NA,NA,NA,10.1109.TVCG.2012.226,Facilitating Discourse Analysis with Interactive Visualization,10.1109/TVCG.2012.226,http://dx.doi.org/10.1109/TVCG.2012.226,2012,Y,"Discourse tree representation (leaf nodes in same order, encoding node type and relation; faciliated identification of clusters; shared structure between trees)",Include,Wonder if Zipeng knows about this paper?,Presented as design requirements (the experts wanted to look at discourse trees)
NA,NA,NA,NA,NA,NA,NA,NA,10.1109.TVCG.2012.226,Facilitating Discourse Analysis with Interactive Visualization,10.1109/TVCG.2012.226,http://dx.doi.org/10.1109/TVCG.2012.226,2012,Y,"Show errors, distributions, and statistical information",Include,NA,Presented as design requirements (the experts wanted to look at discourse trees)
NA,NA,NA,NA,NA,NA,NA,NA,10.1109.TVCG.2012.226,Facilitating Discourse Analysis with Interactive Visualization,10.1109/TVCG.2012.226,http://dx.doi.org/10.1109/TVCG.2012.226,2012,Y,Article views and textual contexts,Include,NA,Presented as design requirements (the experts wanted to look at discourse trees)
NA,NA,NA,NA,NA,NA,NA,NA,10.1109.TVCG.2012.291,Whisper: Tracing the Spatiotemporal Process of Information Diffusion in Real Time,10.1109/TVCG.2012.291,http://dx.doi.org/10.1109/TVCG.2012.291,2012,N,NA,Exclude,NA,NA
NA,NA,NA,NA,NA,NA,NA,NA,10.1109.TVCG.2012.271,Taxonomy-based Glyph Design --- with a Case Study on Visualizing Workflows of Biological Experiments,10.1109/TVCG.2012.271,http://dx.doi.org/10.1109/TVCG.2012.271,2012,Y,Entering and editing own experimental records,Include,NA,"Really, the main task is just ""visualize the workflow"""
NA,NA,NA,NA,NA,NA,NA,NA,10.1109.TVCG.2012.271,Taxonomy-based Glyph Design --- with a Case Study on Visualizing Workflows of Biological Experiments,10.1109/TVCG.2012.271,http://dx.doi.org/10.1109/TVCG.2012.271,2012,Y,"Transforming workflow records to schematic diagmras for comparison, extneral memorization, publication and education",Include,NA,"Really, the main task is just ""visualize the workflow"""
NA,NA,NA,NA,NA,NA,NA,NA,10.1109.TVCG.2012.271,Taxonomy-based Glyph Design --- with a Case Study on Visualizing Workflows of Biological Experiments,10.1109/TVCG.2012.271,http://dx.doi.org/10.1109/TVCG.2012.271,2012,Y,Uploading and downloading datasets,Include,NA,"Really, the main task is just ""visualize the workflow"""
NA,NA,NA,NA,NA,NA,NA,NA,10.1109.TVCG.2012.271,Taxonomy-based Glyph Design --- with a Case Study on Visualizing Workflows of Biological Experiments,10.1109/TVCG.2012.271,http://dx.doi.org/10.1109/TVCG.2012.271,2012,Y,Querying and searching for relevant experiments,Include,NA,"Really, the main task is just ""visualize the workflow"""
NA,NA,NA,NA,NA,NA,NA,NA,10.1109.TVCG.2012.271,Taxonomy-based Glyph Design --- with a Case Study on Visualizing Workflows of Biological Experiments,10.1109/TVCG.2012.271,http://dx.doi.org/10.1109/TVCG.2012.271,2012,Y,Understanding workflows of existing experimental designs,Include,NA,"Really, the main task is just ""visualize the workflow"""
NA,NA,NA,NA,NA,NA,NA,NA,10.1109.TVCG.2012.271,Taxonomy-based Glyph Design --- with a Case Study on Visualizing Workflows of Biological Experiments,10.1109/TVCG.2012.271,http://dx.doi.org/10.1109/TVCG.2012.271,2012,Y,Identifying similarity and difference between workflows for a common task,Include,NA,"Really, the main task is just ""visualize the workflow"""
NA,NA,NA,NA,NA,NA,NA,NA,10.1109.TVCG.2012.271,Taxonomy-based Glyph Design --- with a Case Study on Visualizing Workflows of Biological Experiments,10.1109/TVCG.2012.271,http://dx.doi.org/10.1109/TVCG.2012.271,2012,Y,Understand pooling event and sample relations,Include,NA,"Really, the main task is just ""visualize the workflow"""
NA,NA,NA,NA,NA,NA,NA,NA,10.1109.TVCG.2012.271,Taxonomy-based Glyph Design --- with a Case Study on Visualizing Workflows of Biological Experiments,10.1109/TVCG.2012.271,http://dx.doi.org/10.1109/TVCG.2012.271,2012,Y,checking semnatic correctness of submitted workflows,Include,NA,"Really, the main task is just ""visualize the workflow"""
NA,NA,NA,NA,NA,NA,NA,NA,10.1109.TVCG.2012.271,Taxonomy-based Glyph Design --- with a Case Study on Visualizing Workflows of Biological Experiments,10.1109/TVCG.2012.271,http://dx.doi.org/10.1109/TVCG.2012.271,2012,Y,interacting with authors of submitted workflows for inconsistency and misunderstanding,Include,NA,"Really, the main task is just ""visualize the workflow"""
NA,NA,NA,NA,NA,NA,NA,NA,10.1109.TVCG.2012.271,Taxonomy-based Glyph Design --- with a Case Study on Visualizing Workflows of Biological Experiments,10.1109/TVCG.2012.271,http://dx.doi.org/10.1109/TVCG.2012.271,2012,Y,making approperiate corrections in submitted records where necessary,Include,NA,"Really, the main task is just ""visualize the workflow"""
NA,NA,NA,NA,NA,NA,NA,NA,10.1109.TVCG.2012.271,Taxonomy-based Glyph Design --- with a Case Study on Visualizing Workflows of Biological Experiments,10.1109/TVCG.2012.271,http://dx.doi.org/10.1109/TVCG.2012.271,2012,Y,augmenting wihth approperiate annotation based on additional information found in the associated publications,Include,NA,"Really, the main task is just ""visualize the workflow"""
NA,NA,NA,NA,NA,NA,NA,NA,10.1109.TVCG.2012.271,Taxonomy-based Glyph Design --- with a Case Study on Visualizing Workflows of Biological Experiments,10.1109/TVCG.2012.271,http://dx.doi.org/10.1109/TVCG.2012.271,2012,Y,providing authors with submission feedback,Include,NA,"Really, the main task is just ""visualize the workflow"""
NA,NA,NA,NA,NA,NA,NA,NA,10.1109.TVCG.2012.271,Taxonomy-based Glyph Design --- with a Case Study on Visualizing Workflows of Biological Experiments,10.1109/TVCG.2012.271,http://dx.doi.org/10.1109/TVCG.2012.271,2012,Y,forming and up-to-date overiew about the experiments,Include,NA,"Really, the main task is just ""visualize the workflow"""
NA,NA,NA,NA,NA,NA,NA,NA,10.1109.TVCG.2012.271,Taxonomy-based Glyph Design --- with a Case Study on Visualizing Workflows of Biological Experiments,10.1109/TVCG.2012.271,http://dx.doi.org/10.1109/TVCG.2012.271,2012,Y,"analyzing the grouping, replication, distribution, and trend of experiments,",Include,NA,"Really, the main task is just ""visualize the workflow"""
NA,NA,NA,NA,NA,NA,NA,NA,10.1109.TVCG.2012.271,Taxonomy-based Glyph Design --- with a Case Study on Visualizing Workflows of Biological Experiments,10.1109/TVCG.2012.271,http://dx.doi.org/10.1109/TVCG.2012.271,2012,Y,"Analyzing ambiguities, errors and uncertainty in experimental recording",Include,NA,"Really, the main task is just ""visualize the workflow"""
NA,NA,NA,NA,NA,NA,NA,NA,10.1109.TVCG.2012.271,Taxonomy-based Glyph Design --- with a Case Study on Visualizing Workflows of Biological Experiments,10.1109/TVCG.2012.271,http://dx.doi.org/10.1109/TVCG.2012.271,2012,Y,providing tools to assit users in creating meta-data from raw data,Include,NA,"Really, the main task is just ""visualize the workflow"""
NA,NA,NA,NA,NA,NA,NA,NA,10.1109.TVCG.2012.255,RelEx: Visualization for Actively Changing Overlay Network Specifications,10.1109/TVCG.2012.255,http://dx.doi.org/10.1109/TVCG.2012.255,2012,Y,Traffic optimization,Include,NA,NA
NA,NA,NA,NA,NA,NA,NA,NA,10.1109.TVCG.2012.255,RelEx: Visualization for Actively Changing Overlay Network Specifications,10.1109/TVCG.2012.255,http://dx.doi.org/10.1109/TVCG.2012.255,2012,Y,Finding the number of communication partners for a specific ECU by distringuishing between local vs global communicators,Include,NA,NA
NA,NA,NA,NA,NA,NA,NA,NA,10.1109.TVCG.2012.255,RelEx: Visualization for Actively Changing Overlay Network Specifications,10.1109/TVCG.2012.255,http://dx.doi.org/10.1109/TVCG.2012.255,2012,Y,Characterizing communication structure by understand whether system is an introvert or extrovert,Include,NA,NA
NA,NA,NA,NA,NA,NA,NA,NA,10.1109.TVCG.2012.255,RelEx: Visualization for Actively Changing Overlay Network Specifications,10.1109/TVCG.2012.255,http://dx.doi.org/10.1109/TVCG.2012.255,2012,Y,Determining whether a signal is well-directed between just two ECUS or wide-spread,Include,NA,NA
NA,NA,NA,NA,NA,NA,NA,NA,10.1109.TVCG.2012.252,PivotPaths: Strolling through Faceted Information Spaces,10.1109/TVCG.2012.252,http://dx.doi.org/10.1109/TVCG.2012.252,2012,Y,Relate facets and items,Include,NA,Framed as design goals
NA,NA,NA,NA,NA,NA,NA,NA,10.1109.TVCG.2012.252,PivotPaths: Strolling through Faceted Information Spaces,10.1109/TVCG.2012.252,http://dx.doi.org/10.1109/TVCG.2012.252,2012,Y,Encourage pivoting,Include,NA,Framed as design goals
NA,NA,NA,NA,NA,NA,NA,NA,10.1109.TVCG.2012.252,PivotPaths: Strolling through Faceted Information Spaces,10.1109/TVCG.2012.252,http://dx.doi.org/10.1109/TVCG.2012.252,2012,Y,Make view changes gradual,Include,NA,Framed as design goals
NA,NA,NA,NA,NA,NA,NA,NA,10.1109.TVCG.2012.252,PivotPaths: Strolling through Faceted Information Spaces,10.1109/TVCG.2012.252,http://dx.doi.org/10.1109/TVCG.2012.252,2012,Y,Aim for inviting aesthetics,Include,NA,Framed as design goals
NA,NA,NA,NA,NA,NA,NA,NA,10.1109.TVCG.2012.252,PivotPaths: Strolling through Faceted Information Spaces,10.1109/TVCG.2012.252,http://dx.doi.org/10.1109/TVCG.2012.252,2012,Y,Situate in web context,Include,NA,Framed as design goals
NA,NA,NA,NA,NA,NA,NA,NA,10.1109.TVCG.2012.192,Adaptive Composite Map Projections,10.1109/TVCG.2012.192,http://dx.doi.org/10.1109/TVCG.2012.192,2012,N,NA,Exclude,NA,NA
NA,NA,NA,NA,NA,NA,NA,NA,10.1109.TVCG.2012.275,Designing Pen and Touch Interaction for Data Exploration on Interactive Whiteboards,10.1109/TVCG.2012.275,http://dx.doi.org/10.1109/TVCG.2012.275,2012,N,NA,Exclude,Y,"There are task here, but they don't seem like high level user tasks so much as things you can do with the program"
NA,NA,NA,NA,NA,NA,NA,NA,10.1109.TVCG.2012.286,Visualizing Network Traffic to Understand the Performance of Massively Parallel Simulations,10.1109/TVCG.2012.286,http://dx.doi.org/10.1109/TVCG.2012.286,2012,N,NA,Exclude,NA,NA
NA,NA,NA,NA,NA,NA,NA,NA,10.1109.TVCG.2012.272,The DeepTree Exhibit: Visualizing the Tree of Life to Facilitate Informal Learning,10.1109/TVCG.2012.272,http://dx.doi.org/10.1109/TVCG.2012.272,2012,Y,Visually appealing to show all components and minimize complexity,Include,Y,Framed as design goals
NA,NA,NA,NA,NA,NA,NA,NA,10.1109.TVCG.2012.272,The DeepTree Exhibit: Visualizing the Tree of Life to Facilitate Informal Learning,10.1109/TVCG.2012.272,http://dx.doi.org/10.1109/TVCG.2012.272,2012,Y,Allow visitors to freely and seamlessly explore tree of life,Include,Y,Framed as design goals
NA,NA,NA,NA,NA,NA,NA,NA,10.1109.TVCG.2012.272,The DeepTree Exhibit: Visualizing the Tree of Life to Facilitate Informal Learning,10.1109/TVCG.2012.272,http://dx.doi.org/10.1109/TVCG.2012.272,2012,Y,Encourage multiple visitors to collaborate and work together when interacting with the exhibit,Include,Y,Framed as design goals
NA,NA,NA,NA,NA,NA,NA,NA,10.1109.TVCG.2012.272,The DeepTree Exhibit: Visualizing the Tree of Life to Facilitate Informal Learning,10.1109/TVCG.2012.272,http://dx.doi.org/10.1109/TVCG.2012.272,2012,Y,"Convey the idea that tree's leaves represent tree's leaves represen ""life"" b) that the tree includes ""all"" life, and c) that the three's branching pattern connects all leaves.",Include,Y,Framed as design goals
NA,NA,NA,NA,NA,NA,NA,NA,10.1109.TVCG.2012.272,The DeepTree Exhibit: Visualizing the Tree of Life to Facilitate Informal Learning,10.1109/TVCG.2012.272,http://dx.doi.org/10.1109/TVCG.2012.272,2012,Y,The tree conveys its encormous size,Include,Y,Framed as design goals
NA,NA,NA,NA,NA,NA,NA,NA,10.1109.TVCG.2012.272,The DeepTree Exhibit: Visualizing the Tree of Life to Facilitate Informal Learning,10.1109/TVCG.2012.272,http://dx.doi.org/10.1109/TVCG.2012.272,2012,Y,"Any two leag nodes ""meet"" on an internal nodel that is the deppest common ""parent"" within the tree structure",Include,Y,Framed as design goals
NA,NA,NA,NA,NA,NA,NA,NA,10.1109.TVCG.2012.272,The DeepTree Exhibit: Visualizing the Tree of Life to Facilitate Informal Learning,10.1109/TVCG.2012.272,http://dx.doi.org/10.1109/TVCG.2012.272,2012,Y,Internal nodes represent evolutionary innovations that through inheritance are passed down to all its children,Include,Y,Framed as design goals
NA,NA,NA,NA,NA,NA,NA,NA,10.1109.TVCG.2012.272,The DeepTree Exhibit: Visualizing the Tree of Life to Facilitate Informal Learning,10.1109/TVCG.2012.272,http://dx.doi.org/10.1109/TVCG.2012.272,2012,Y,Time should be represented on the tree,Include,Y,Framed as design goals
NA,NA,NA,NA,NA,NA,NA,NA,10.1109.TVCG.2012.263,SnapShot: Visualization to Propel Ice Hockey Analytics,10.1109/TVCG.2012.263,http://dx.doi.org/10.1109/TVCG.2012.263,2012,Y,Exploration of a dataspace,Include,NA,NA
NA,NA,NA,NA,NA,NA,NA,NA,10.1109.TVCG.2012.263,SnapShot: Visualization to Propel Ice Hockey Analytics,10.1109/TVCG.2012.263,http://dx.doi.org/10.1109/TVCG.2012.263,2012,Y,Discussion of hypotheses amongst analysts,Include,NA,NA
NA,NA,NA,NA,NA,NA,NA,NA,10.1109.TVCG.2012.263,SnapShot: Visualization to Propel Ice Hockey Analytics,10.1109/TVCG.2012.263,http://dx.doi.org/10.1109/TVCG.2012.263,2012,Y,Presentation of findings to stakeholders,Include,NA,NA
NA,NA,NA,NA,NA,NA,NA,NA,10.1109.TVCG.2012.244,Living Liquid: Design and Evaluation of an Exploratory Visualization Tool for Museum Visitors,10.1109/TVCG.2012.244,http://dx.doi.org/10.1109/TVCG.2012.244,2012,Y,Appeal to an engage visitors un familiar with science or data,Include,Y,Framed as design requirments
NA,NA,NA,NA,NA,NA,NA,NA,10.1109.TVCG.2012.288,Analyzing Student Course Histories Using Visual Composition,10.1109/TVCG.2012.288,http://dx.doi.org/10.1109/TVCG.2012.288,2012,N,NA,Exclude,NA,NA
NA,NA,NA,NA,NA,NA,NA,NA,10.1109.TVCG.2012.281,Visualization of Astronomical Nebulae via Distributed Multi-GPU Compressed Sensing Tomography,10.1109/TVCG.2012.281,http://dx.doi.org/10.1109/TVCG.2012.281,2012,N,NA,Exclude,NA,NA
NA,NA,NA,NA,NA,NA,NA,NA,10.1109.TVCG.2012.242,KnotPad: Visualizing and Exploring Knot Theory with Fluid Reidemeister Moves,10.1109/TVCG.2012.242,http://dx.doi.org/10.1109/TVCG.2012.242,2012,Y,Present sketching based knot diagram interface where on can fully nteract with 3D knots through step-by-step 2d Reidemeister moves.,Include,NA,Stated in text
NA,NA,NA,NA,NA,NA,NA,NA,10.1109.TVCG.2012.283,Visualization of Flow Behavior in Earth Mantle Convection,10.1109/TVCG.2012.283,http://dx.doi.org/10.1109/TVCG.2012.283,2012,Y,Analyzing mantle homogenization,Include,NA,Stated in abstract
NA,NA,NA,NA,NA,NA,NA,NA,10.1109.TVCG.2012.287,Visualizing Nuclear Scission Through a Multifield Extension of Topological Analysis,10.1109/TVCG.2012.287,http://dx.doi.org/10.1109/TVCG.2012.287,2012,N,NA,Exclude,NA,NA
NA,NA,NA,NA,NA,NA,NA,NA,10.1109.TVCG.2012.190,A Visual Analysis Concept for the Validation of Geoscientific Simulation Models,10.1109/TVCG.2012.190,http://dx.doi.org/10.1109/TVCG.2012.190,2012,Y,Exploration of goodness of fit in model parameter space,Include,NA,Framed as visualization requirements
NA,NA,NA,NA,NA,NA,NA,NA,10.1109.TVCG.2012.190,A Visual Analysis Concept for the Validation of Geoscientific Simulation Models,10.1109/TVCG.2012.190,http://dx.doi.org/10.1109/TVCG.2012.190,2012,Y,Exploration of spatio-temporal variation of goddness of fit,Include,NA,Framed as visualization requirements
NA,NA,NA,NA,NA,NA,NA,NA,10.1109.TVCG.2012.190,A Visual Analysis Concept for the Validation of Geoscientific Simulation Models,10.1109/TVCG.2012.190,http://dx.doi.org/10.1109/TVCG.2012.190,2012,Y,Exploration of observation data,Include,NA,Framed as visualization requirements
NA,NA,NA,NA,NA,NA,NA,NA,10.1109.TVCG.2012.190,A Visual Analysis Concept for the Validation of Geoscientific Simulation Models,10.1109/TVCG.2012.190,http://dx.doi.org/10.1109/TVCG.2012.190,2012,Y,Exploration of relation between goodness of fit and data values,Include,NA,Framed as visualization requirements
NA,NA,NA,NA,NA,NA,NA,NA,10.1109.TVCG.2012.190,A Visual Analysis Concept for the Validation of Geoscientific Simulation Models,10.1109/TVCG.2012.190,http://dx.doi.org/10.1109/TVCG.2012.190,2012,Y,Combined view on dependencies of goodness of fit,Include,NA,Framed as visualization requirements
NA,NA,NA,NA,NA,NA,NA,NA,10.1109.TVCG.2012.187,A Novel Approach to Visualizing Dark Matter Simulations,10.1109/TVCG.2012.187,http://dx.doi.org/10.1109/TVCG.2012.187,2012,N,NA,Exclude,NA,NA
NA,NA,NA,NA,NA,NA,NA,NA,10.1109.TVCG.2012.243,Lagrangian Coherent Structures for \\ Design Analysis of Revolving Doors,10.1109/TVCG.2012.243,http://dx.doi.org/10.1109/TVCG.2012.243,2012,N,NA,Exclude,NA,NA
NA,NA,NA,NA,NA,NA,NA,NA,10.1109.TVCG.2012.282,Visualization of Electrostatic Dipoles in Molecular Dynamics of Metal Oxides,10.1109/TVCG.2012.282,http://dx.doi.org/10.1109/TVCG.2012.282,2012,N,NA,Exclude,NA,NA
NA,NA,NA,NA,NA,NA,NA,NA,10.1109.TVCG.2012.280,Visual Steering and Verification of Mass Spectrometry Data Factorization in Air Quality Research,10.1109/TVCG.2012.280,http://dx.doi.org/10.1109/TVCG.2012.280,2012,Y,Analyze Bias,Include,NA,NA
NA,NA,NA,NA,NA,NA,NA,NA,10.1109.TVCG.2012.280,Visual Steering and Verification of Mass Spectrometry Data Factorization in Air Quality Research,10.1109/TVCG.2012.280,http://dx.doi.org/10.1109/TVCG.2012.280,2012,Y,Analyze mapping errors,Include,NA,NA
NA,NA,NA,NA,NA,NA,NA,NA,10.1109.TVCG.2012.280,Visual Steering and Verification of Mass Spectrometry Data Factorization in Air Quality Research,10.1109/TVCG.2012.280,http://dx.doi.org/10.1109/TVCG.2012.280,2012,Y,Adjust Bias,Include,NA,NA
NA,NA,NA,NA,NA,NA,NA,NA,10.1109.TVCG.2012.200,Augmented Topological Descriptors of Pore Networks for Material Science,10.1109/TVCG.2012.200,http://dx.doi.org/10.1109/TVCG.2012.200,2012,N,NA,Exclude,NA,NA
NA,NA,NA,NA,NA,NA,NA,NA,10.1109.TVCG.2012.239,Interactive Retro-Deformation of Terrain for Reconstructing 3D Fault Displacements,10.1109/TVCG.2012.239,http://dx.doi.org/10.1109/TVCG.2012.239,2012,N,NA,Exclude,NA,NA
NA,NA,NA,NA,NA,NA,NA,NA,10.1109.TVCG.2012.202,Automatic Detection and Visualization of Qualitative Hemodynamic Characteristics in Cerebral Aneurysms,10.1109/TVCG.2012.202,http://dx.doi.org/10.1109/TVCG.2012.202,2012,Y,Formalization of target flow structures,Include,NA,Framed as a requirements analysis
NA,NA,NA,NA,NA,NA,NA,NA,10.1109.TVCG.2012.202,Automatic Detection and Visualization of Qualitative Hemodynamic Characteristics in Cerebral Aneurysms,10.1109/TVCG.2012.202,http://dx.doi.org/10.1109/TVCG.2012.202,2012,Y,Automatic and Robust dection,Include,NA,NA
NA,NA,NA,NA,NA,NA,NA,NA,10.1109.TVCG.2012.202,Automatic Detection and Visualization of Qualitative Hemodynamic Characteristics in Cerebral Aneurysms,10.1109/TVCG.2012.202,http://dx.doi.org/10.1109/TVCG.2012.202,2012,Y,Conveying location and character of inflow jet and impingement zone,Include,NA,NA
NA,NA,NA,NA,NA,NA,NA,NA,10.1109.TVCG.2012.259,SeiVis: An Interactive Visual Subsurface Modeling Application,10.1109/TVCG.2012.259,http://dx.doi.org/10.1109/TVCG.2012.259,2012,N,NA,Exclude,NA,NA
NA,NA,NA,NA,NA,NA,NA,NA,10.1109.TVCG.2012.261,Sketching Uncertainty into Simulations,10.1109/TVCG.2012.261,http://dx.doi.org/10.1109/TVCG.2012.261,2012,N,NA,Exclude,NA,"There's potential here, but its hard to figure out what the tasks are"
NA,NA,NA,NA,NA,NA,NA,NA,10.1109.TVCG.2012.278,Visual Data Analysis as an Integral Part of Environmental Management,10.1109/TVCG.2012.278,http://dx.doi.org/10.1109/TVCG.2012.278,2012,N,NA,Exclude,NA,NA
NA,NA,NA,NA,NA,NA,NA,NA,10.1109.VAST.2012.6400484,Relative N-Gram Signatures: Document Visualization at the Level of  Character N-Grams,10.1109/VAST.2012.6400484,http://dx.doi.org/10.1109/VAST.2012.6400484,2012,N,NA,Exclude,NA,"There's potential here, but its hard to figure out what the tasks are"
NA,NA,NA,NA,NA,NA,NA,NA,10.1109.VAST.2012.6400556,AlVis: Situation Awareness in the Surveillance of Road Tunnels,10.1109/VAST.2012.6400556,http://dx.doi.org/10.1109/VAST.2012.6400556,2012,Y,Video-based traffice surveillance,Include,NA,NA
NA,NA,NA,NA,NA,NA,NA,NA,10.1109.VAST.2012.6400556,AlVis: Situation Awareness in the Surveillance of Road Tunnels,10.1109/VAST.2012.6400556,http://dx.doi.org/10.1109/VAST.2012.6400556,2012,Y,Close observation of particular vehicles,Include,NA,NA
NA,NA,NA,NA,NA,NA,NA,NA,10.1109.VAST.2012.6400556,AlVis: Situation Awareness in the Surveillance of Road Tunnels,10.1109/VAST.2012.6400556,http://dx.doi.org/10.1109/VAST.2012.6400556,2012,Y,Support in case of accidents and emergencies in the tunnel as well as altering fire and rescue services,Include,NA,NA
NA,NA,NA,NA,NA,NA,NA,NA,10.1109.VAST.2012.6400556,AlVis: Situation Awareness in the Surveillance of Road Tunnels,10.1109/VAST.2012.6400556,http://dx.doi.org/10.1109/VAST.2012.6400556,2012,Y,Traffic control,Include,NA,NA
NA,NA,NA,NA,NA,NA,NA,NA,10.1109.VAST.2012.6400556,AlVis: Situation Awareness in the Surveillance of Road Tunnels,10.1109/VAST.2012.6400556,http://dx.doi.org/10.1109/VAST.2012.6400556,2012,Y,Operation and maintence of technical equipment inside and outside the tunnel,Include,NA,NA
NA,NA,NA,NA,NA,NA,NA,NA,10.1109.VAST.2012.6400556,AlVis: Situation Awareness in the Surveillance of Road Tunnels,10.1109/VAST.2012.6400556,http://dx.doi.org/10.1109/VAST.2012.6400556,2012,Y,Retrospective analysis of incident snd compilation of reorts,Include,NA,NA
NA,NA,NA,NA,NA,NA,NA,NA,10.1109.VAST.2012.6400556,AlVis: Situation Awareness in the Surveillance of Road Tunnels,10.1109/VAST.2012.6400556,http://dx.doi.org/10.1109/VAST.2012.6400556,2012,Y,Training for disaster scenarios,Include,NA,NA
NA,NA,NA,NA,NA,NA,NA,NA,10.1109.VAST.2012.6400557,Spatiotemporal Social Media Analytics for Abnormal Event Detection using Seasonal-Trend Decomposition,10.1109/VAST.2012.6400557,http://dx.doi.org/10.1109/VAST.2012.6400557,2012,N,NA,Exclude,NA,"There's potential here, but its hard to figure out what the tasks are"
NA,NA,NA,NA,NA,NA,NA,NA,10.1109.VAST.2012.6400494,Visual Cluster Exploration of Web Clickstream Data,10.1109/VAST.2012.6400494,http://dx.doi.org/10.1109/VAST.2012.6400494,2012,Y,What are the most frequent user behavior patterns?,Include,NA,Framed as FAQ
NA,NA,NA,NA,NA,NA,NA,NA,10.1109.VAST.2012.6400494,Visual Cluster Exploration of Web Clickstream Data,10.1109/VAST.2012.6400494,http://dx.doi.org/10.1109/VAST.2012.6400494,2012,Y,What are the demographics of the users who follow a specific behavior pattern,Include,NA,Framed as FAQ
NA,NA,NA,NA,NA,NA,NA,NA,10.1109.VAST.2012.6400494,Visual Cluster Exploration of Web Clickstream Data,10.1109/VAST.2012.6400494,http://dx.doi.org/10.1109/VAST.2012.6400494,2012,Y,How do the behavior patterns correlate with the performance of the nline service?,Include,NA,Framed as FAQ
NA,NA,NA,NA,NA,NA,NA,NA,10.1109.VAST.2012.6400485,LeadLine: Interactive Visual Analysis of Text Data through Event Identification and Exploration,10.1109/VAST.2012.6400485,http://dx.doi.org/10.1109/VAST.2012.6400485,2012,NA,NA,NA,NA,NA
NA,NA,NA,NA,NA,NA,NA,NA,10.1109.VAST.2012.6400560,The Deshredder: A Visual Analytic Approach to Deconstructing Shredded Documents,10.1109/VAST.2012.6400560,http://dx.doi.org/10.1109/VAST.2012.6400560,2012,Y,Shred representation,Potentially Exclude,NA,"As a task taxonomy - but this paper is not a design study, its more of a technique"
NA,NA,NA,NA,NA,NA,NA,NA,10.1109.VAST.2012.6400560,The Deshredder: A Visual Analytic Approach to Deconstructing Shredded Documents,10.1109/VAST.2012.6400560,http://dx.doi.org/10.1109/VAST.2012.6400560,2012,Y,Shred matching,Potentially Exclude,NA,"As a task taxonomy - but this paper is not a design study, its more of a technique"
NA,NA,NA,NA,NA,NA,NA,NA,10.1109.VAST.2012.6400560,The Deshredder: A Visual Analytic Approach to Deconstructing Shredded Documents,10.1109/VAST.2012.6400560,http://dx.doi.org/10.1109/VAST.2012.6400560,2012,Y,Shred Assembly,Potentially Exclude,NA,"As a task taxonomy - but this paper is not a design study, its more of a technique"
NA,NA,NA,NA,NA,NA,NA,NA,10.1109.TVCG.2011.253,Visualization of Parameter Space for Image Analysis,10.1109/TVCG.2011.253,http://dx.doi.org/10.1109/TVCG.2011.253,2011,Y,Identification of optimal parameters,Include,NA,Stated in text
NA,NA,NA,NA,NA,NA,NA,NA,10.1109.TVCG.2011.247,TreeNetViz: Reveal Patterns of Network over Tree Structure,10.1109/TVCG.2011.247,http://dx.doi.org/10.1109/TVCG.2011.247,2011,N,NA,Exclude,NA,"Section 4 has something that could be considered a task, but it's a little ambiguous"
NA,NA,NA,NA,NA,NA,NA,NA,10.1109.TVCG.2011.188,DICON : Interactive Visual Analysis of Multidimensional Clusters,10.1109/TVCG.2011.188,http://dx.doi.org/10.1109/TVCG.2011.188,2011,Y,Cluster identification,Include,NA,Stated in text - section 3.1
NA,NA,NA,NA,NA,NA,NA,NA,10.1109.TVCG.2011.188,DICON : Interactive Visual Analysis of Multidimensional Clusters,10.1109/TVCG.2011.188,http://dx.doi.org/10.1109/TVCG.2011.188,2011,Y,Cluster Comparison,Include,NA,NA
NA,NA,NA,NA,NA,NA,NA,NA,10.1109.TVCG.2011.176,BirdVis: Visualizing and Understanding Bird Populations,10.1109/TVCG.2011.176,http://dx.doi.org/10.1109/TVCG.2011.176,2011,Y,Identify and understand migration patterns,Include,NA,Stated in text
NA,NA,NA,NA,NA,NA,NA,NA,10.1109.TVCG.2011.176,BirdVis: Visualizing and Understanding Bird Populations,10.1109/TVCG.2011.176,http://dx.doi.org/10.1109/TVCG.2011.176,2011,Y,Validate the hypohtesis that STEM predictor importance reflects actual species habititate preferences,Include,NA,Stated in text
NA,NA,NA,NA,NA,NA,NA,NA,10.1109.TVCG.2011.176,BirdVis: Visualizing and Understanding Bird Populations,10.1109/TVCG.2011.176,http://dx.doi.org/10.1109/TVCG.2011.176,2011,Y,"Compare the bajvior of different specicies, both regarding migration patterns and habitate use",Include,NA,Stated in text
NA,NA,NA,NA,NA,NA,NA,NA,10.1109.TVCG.2011.176,BirdVis: Visualizing and Understanding Bird Populations,10.1109/TVCG.2011.176,http://dx.doi.org/10.1109/TVCG.2011.176,2011,Y,Perform statistsical analysis to validate an improve model predictions,Include,NA,Stated in text
NA,NA,NA,NA,NA,NA,NA,NA,10.1109.TVCG.2011.178,Brushing Dimensions --  A Dual Visual Analysis Model for High-dimensional Data,10.1109/TVCG.2011.178,http://dx.doi.org/10.1109/TVCG.2011.178,2011,Y,Understand the realtions between dimensions,Include,NA,Stated in text  - a little bit inferred on my part
NA,NA,NA,NA,NA,NA,NA,NA,10.1109.TVCG.2011.178,Brushing Dimensions --  A Dual Visual Analysis Model for High-dimensional Data,10.1109/TVCG.2011.178,http://dx.doi.org/10.1109/TVCG.2011.178,2011,Y,Explore dimensions that determine the main trend of ourliers in the data,Include,NA,Stated in text  - a little bit inferred on my part
NA,NA,NA,NA,NA,NA,NA,NA,10.1109.TVCG.2011.178,Brushing Dimensions --  A Dual Visual Analysis Model for High-dimensional Data,10.1109/TVCG.2011.178,http://dx.doi.org/10.1109/TVCG.2011.178,2011,Y,Leave out/select dimensions,Include,NA,Stated in text  - a little bit inferred on my part
NA,NA,NA,NA,NA,NA,NA,NA,10.1109.TVCG.2011.174,BallotMaps: Detecting name bias in alphabetically ordered ballot papers,10.1109/TVCG.2011.174,http://dx.doi.org/10.1109/TVCG.2011.174,2011,Y,To what extent does the position of the name on the ballot affect the number of votes received by a candidate within their part?,Include,NA,Also in task to goals paper; I used the four research questions as tasks
NA,NA,NA,NA,NA,NA,NA,NA,10.1109.TVCG.2011.174,BallotMaps: Detecting name bias in alphabetically ordered ballot papers,10.1109/TVCG.2011.174,http://dx.doi.org/10.1109/TVCG.2011.174,2011,Y,To what extent does the position of a name on a ballot affect the number of votes received by a candidate independently of their party?,Include,NA,Also in task to goals paper; I used the four research questions as tasks
NA,NA,NA,NA,NA,NA,NA,NA,10.1109.TVCG.2011.174,BallotMaps: Detecting name bias in alphabetically ordered ballot papers,10.1109/TVCG.2011.174,http://dx.doi.org/10.1109/TVCG.2011.174,2011,Y,How does any name bias vary geographically within the Greater London area?,Include,NA,Also in task to goals paper; I used the four research questions as tasks
NA,NA,NA,NA,NA,NA,NA,NA,10.1109.TVCG.2011.174,BallotMaps: Detecting name bias in alphabetically ordered ballot papers,10.1109/TVCG.2011.174,http://dx.doi.org/10.1109/TVCG.2011.174,2011,Y,"Does the apparent enthincity of candidates, as indicated by their name, contribue to any name bias?",Include,NA,Also in task to goals paper; I used the four research questions as tasks
NA,NA,NA,NA,NA,NA,NA,NA,10.1109.TVCG.2011.197,Exploring Geodemographics with Interactive Graphics,10.1109/TVCG.2011.197,http://dx.doi.org/10.1109/TVCG.2011.197,2011,N,NA,Exclude,Y,"""The intention was to make the tasks as unconstrained, relevant, and grounded in areas of participant knowledge as possible, so that participants could oobjectively reflect on how the techniques might hel them in the future"
NA,NA,NA,NA,NA,NA,NA,NA,10.1109.TVCG.2011.169,Asymmetric Relations in Longitudinal Social Networks,10.1109/TVCG.2011.169,http://dx.doi.org/10.1109/TVCG.2011.169,2011,N,NA,Exclude,NA,NA
NA,NA,NA,NA,NA,NA,NA,NA,10.1109.TVCG.2011.196,Exploring Ambient and Artistic Visualizations for  Residential Energy Use,10.1109/TVCG.2011.196,http://dx.doi.org/10.1109/TVCG.2011.196,2011,N,NA,Exclude,NA,NA
NA,NA,NA,NA,NA,NA,NA,NA,10.1109.TVCG.2011.232,Sequence Surveyor: Leveraging Overview for Scalable Genomic Alignment Visualization,10.1109/TVCG.2011.232,http://dx.doi.org/10.1109/TVCG.2011.232,2011,Y,Sequence comparison,Include,NA,Stated in text
NA,NA,NA,NA,NA,NA,NA,NA,10.1109.TVCG.2011.189,Distance Visualization for Interactive 3D Implant Planning,10.1109/TVCG.2011.189,http://dx.doi.org/10.1109/TVCG.2011.189,2011,N,NA,Exclude,NA,NA
NA,NA,NA,NA,NA,NA,NA,NA,10.1109.TVCG.2011.224,A multitouch table system for medical visualization,10.1109/TVCG.2011.224,http://dx.doi.org/10.1109/TVCG.2011.224,2011,Y,Diagnosis and Treatment,Include,NA,"Somewhat broadly stated, but searching for the word tasks bring this up a lot"
NA,NA,NA,NA,NA,NA,NA,NA,10.1109.TVCG.2011.260,Vortex Visualization in Ultra Low Reynolds Number Insect Flight,10.1109/TVCG.2011.260,http://dx.doi.org/10.1109/TVCG.2011.260,2011,N,NA,Exclude,NA,NA
NA,NA,NA,NA,NA,NA,NA,NA,10.1109.TVCG.2011.215,Interactive Virtual Probing of 4D MRI Blood-Flow,10.1109/TVCG.2011.215,http://dx.doi.org/10.1109/TVCG.2011.215,2011,Y,Support qualitative and quantitative exploration of hemodynamic flow,Include,NA,Stated in text  - a little bit inferred on my part
NA,NA,NA,NA,NA,NA,NA,NA,10.1109.TVCG.2011.217,Interactive Visual Analysis of Multi-parameter Fluorescence Microscopy Data in Toponomics,10.1109/TVCG.2011.217,http://dx.doi.org/10.1109/TVCG.2011.217,2011,Y,Feature localization,Include,NA,Stated in text
NA,NA,NA,NA,NA,NA,NA,NA,10.1109.TVCG.2011.217,Interactive Visual Analysis of Multi-parameter Fluorescence Microscopy Data in Toponomics,10.1109/TVCG.2011.217,http://dx.doi.org/10.1109/TVCG.2011.217,2011,Y,Multi-caraite analysis,Include,NA,NA
NA,NA,NA,NA,NA,NA,NA,NA,10.1109.TVCG.2011.217,Interactive Visual Analysis of Multi-parameter Fluorescence Microscopy Data in Toponomics,10.1109/TVCG.2011.217,http://dx.doi.org/10.1109/TVCG.2011.217,2011,Y,Local investigation,Include,NA,NA
NA,NA,NA,NA,NA,NA,NA,NA,10.1109.TVCG.2011.204,FoamVis: Visualization of Foam Simulation Data,10.1109/TVCG.2011.204,http://dx.doi.org/10.1109/TVCG.2011.204,2011,N,NA,Exclude,NA,NA
NA,NA,NA,NA,NA,NA,NA,NA,10.1109.TVCG.2011.243,The FlowLens: A Focus and Context Visualization Approach for Exploration of Blood Flow in Cerebral Aneurysms,10.1109/TVCG.2011.243,http://dx.doi.org/10.1109/TVCG.2011.243,2011,Y,Overview of the hymodynamic characteristics,Include,NA,NA
NA,NA,NA,NA,NA,NA,NA,NA,10.1109.TVCG.2011.243,The FlowLens: A Focus and Context Visualization Approach for Exploration of Blood Flow in Cerebral Aneurysms,10.1109/TVCG.2011.243,http://dx.doi.org/10.1109/TVCG.2011.243,2011,Y,Finding correlations within the data,Include,NA,NA
NA,NA,NA,NA,NA,NA,NA,NA,10.1109.TVCG.2011.228,Projections-Based Metal Artifacts Reduction for 3DCT,10.1109/TVCG.2011.228,http://dx.doi.org/10.1109/TVCG.2011.228,2011,N,NA,Exclude,NA,PROBLEM WITH PDF
NA,NA,NA,NA,NA,NA,NA,NA,10.1109.TVCG.2011.207,GPU-Based Real-Time Approximation of the Ablation Zone for Radiofrequency Ablation,10.1109/TVCG.2011.207,http://dx.doi.org/10.1109/TVCG.2011.207,2011,N,NA,Exclude,NA,NA
NA,NA,NA,NA,NA,NA,NA,NA,10.1109.TVCG.2011.199,Feature-Based Statistical Analysis of Combustion Simulation Data,10.1109/TVCG.2011.199,http://dx.doi.org/10.1109/TVCG.2011.199,2011,N,NA,Exclude,NA,PROBLEM WITH PDF
NA,NA,NA,NA,NA,NA,NA,NA,10.1109.TVCG.2011.168,Artificial Defocus for Displaying Markers in Microscopy Z-Stacks,10.1109/TVCG.2011.168,http://dx.doi.org/10.1109/TVCG.2011.168,2011,N,NA,Exclude,NA,NA
NA,NA,NA,NA,NA,NA,NA,NA,10.1109.TVCG.2011.248,PReSM: Principled parameter finding for image segmentation algorithms using visual response surface exploration,10.1109/TVCG.2011.248,http://dx.doi.org/10.1109/TVCG.2011.248,2011,N,NA,Exclude,NA,PROBLEM WITH PDF
NA,NA,NA,NA,NA,NA,NA,NA,10.1109.VAST.2011.6102457,Visual Analytics Decision Support Environment for Epidemic Modeling and Response Evaluation,10.1109/VAST.2011.6102457,http://dx.doi.org/10.1109/VAST.2011.6102457,2011,N,Menhanced model exploration and decision analysis,Include,NA,Inferred from the text
NA,NA,NA,NA,NA,NA,NA,NA,10.1109.VAST.2011.6102460,A Visual Analytics Process for Maritime Resource Allocation and Risk Assessment,10.1109/VAST.2011.6102460,http://dx.doi.org/10.1109/VAST.2011.6102460,2011,Y,How many cases occur per year in which a parent station could not have a surface asset on scene with two hours?,Include,NA,"Frammed as ""Problem Descriptions"""
NA,NA,NA,NA,NA,NA,NA,NA,10.1109.VAST.2011.6102460,A Visual Analytics Process for Maritime Resource Allocation and Risk Assessment,10.1109/VAST.2011.6102460,http://dx.doi.org/10.1109/VAST.2011.6102460,2011,Y,What are the types of SAR response cases occur per year,Include,NA,NA
NA,NA,NA,NA,NA,NA,NA,NA,10.1109.VAST.2011.6102460,A Visual Analytics Process for Maritime Resource Allocation and Risk Assessment,10.1109/VAST.2011.6102460,http://dx.doi.org/10.1109/VAST.2011.6102460,2011,Y,What is the temporal distribution of the response case load?,Include,NA,NA
NA,NA,NA,NA,NA,NA,NA,NA,10.1109.VAST.2011.6102460,A Visual Analytics Process for Maritime Resource Allocation and Risk Assessment,10.1109/VAST.2011.6102460,http://dx.doi.org/10.1109/VAST.2011.6102460,2011,Y,What is the avery annual case load that would be abosrbed by each parent station..,Include,NA,NA
NA,NA,NA,NA,NA,NA,NA,NA,10.1109.VAST.2011.6102460,A Visual Analytics Process for Maritime Resource Allocation and Risk Assessment,10.1109/VAST.2011.6102460,http://dx.doi.org/10.1109/VAST.2011.6102460,2011,Y,"Based on the historical data, what is the expect annual response case demand…",Include,NA,NA
NA,NA,NA,NA,NA,NA,NA,NA,10.1109.VAST.2011.6102460,A Visual Analytics Process for Maritime Resource Allocation and Risk Assessment,10.1109/VAST.2011.6102460,http://dx.doi.org/10.1109/VAST.2011.6102460,2011,Y,Assess the potential risks of closing an auxilarly station,Include,NA,NA
NA,NA,NA,NA,NA,NA,NA,NA,10.1109.VAST.2011.6102443,Visual Social Network Analytics for Relationship Discovery in the Enterprise,10.1109/VAST.2011.6102443,http://dx.doi.org/10.1109/VAST.2011.6102443,2011,N,Relationship Discovery,Include,NA,Inferred from conclusion text
NA,NA,NA,NA,NA,NA,NA,NA,10.1109.VAST.2011.6102461,ParallelTopics: A Probabilistic Approach to Exploring Document Collections,10.1109/VAST.2011.6102461,http://dx.doi.org/10.1109/VAST.2011.6102461,2011,NA,NA,NA,NA,NA
NA,NA,NA,NA,NA,NA,NA,NA,10.1109.VAST.2011.6102455,Visual Analysis of Route Diversity,10.1109/VAST.2011.6102455,http://dx.doi.org/10.1109/VAST.2011.6102455,2011,NA,NA,NA,NA,NA
NA,NA,NA,NA,NA,NA,NA,NA,10.1109.VAST.2011.6102462,Analysis of Large Digital Collection with Interactive Visualization,10.1109/VAST.2011.6102462,http://dx.doi.org/10.1109/VAST.2011.6102462,2011,NA,NA,NA,NA,NA
NA,NA,NA,NA,NA,NA,NA,NA,10.1109.VAST.2011.6102456,SensePlace2: GeoTwitter Analytics Support for Situation Awareness,10.1109/VAST.2011.6102456,http://dx.doi.org/10.1109/VAST.2011.6102456,2011,NA,NA,NA,NA,NA
NA,NA,NA,NA,NA,NA,NA,NA,10.1109.TVCG.2010.185,"PedVis: A Structured, Space Efficient Technique for Pedigree Visualization",10.1109/TVCG.2010.185,http://dx.doi.org/10.1109/TVCG.2010.185,2010,NA,NA,NA,NA,NA
NA,NA,NA,NA,NA,NA,NA,NA,10.1109.TVCG.2010.183,OpinionSeer: Interactive  Visualization of Online  Hotel Customer Feedback,10.1109/TVCG.2010.183,http://dx.doi.org/10.1109/TVCG.2010.183,2010,NA,NA,NA,NA,NA
NA,NA,NA,NA,NA,NA,NA,NA,10.1109.TVCG.2010.216,Visualization of Diversity in Large Multivariate Data Sets,10.1109/TVCG.2010.216,http://dx.doi.org/10.1109/TVCG.2010.216,2010,NA,NA,NA,NA,NA
NA,NA,NA,NA,NA,NA,NA,NA,10.1109.TVCG.2010.191,Rethinking Map Legends with Visualization,10.1109/TVCG.2010.191,http://dx.doi.org/10.1109/TVCG.2010.191,2010,NA,NA,NA,NA,NA
NA,NA,NA,NA,NA,NA,NA,NA,10.1109.TVCG.2010.193,SignalLens: Focus+Context Applied  to Electronic Time Series,10.1109/TVCG.2010.193,http://dx.doi.org/10.1109/TVCG.2010.193,2010,NA,NA,NA,NA,NA
NA,NA,NA,NA,NA,NA,NA,NA,10.1109.TVCG.2010.149,eSeeTrack ? Visualizing Sequential Fixation Patterns,10.1109/TVCG.2010.149,http://dx.doi.org/10.1109/TVCG.2010.149,2010,NA,NA,NA,NA,NA
NA,NA,NA,NA,NA,NA,NA,NA,10.1109.TVCG.2010.154,FacetAtlas: Multifacet Visualization for Rich Text Corpora,10.1109/TVCG.2010.154,http://dx.doi.org/10.1109/TVCG.2010.154,2010,NA,NA,NA,NA,NA
NA,NA,NA,NA,NA,NA,NA,NA,10.1109.TVCG.2010.206,The Streams of Our Lives: Visualizing Listening Histories in Context,10.1109/TVCG.2010.206,http://dx.doi.org/10.1109/TVCG.2010.206,2010,NA,NA,NA,NA,NA
NA,NA,NA,NA,NA,NA,NA,NA,10.1109.TVCG.2010.129,A Visual Backchannel for Large-Scale Events,10.1109/TVCG.2010.129,http://dx.doi.org/10.1109/TVCG.2010.129,2010,NA,NA,NA,NA,NA
NA,NA,NA,NA,NA,NA,NA,NA,10.1109.TVCG.2010.159,GeneaQuilts: A System for Exploring Large Genealogies,10.1109/TVCG.2010.159,http://dx.doi.org/10.1109/TVCG.2010.159,2010,NA,NA,NA,NA,NA
NA,NA,NA,NA,NA,NA,NA,NA,10.1109.TVCG.2010.137,ExpressionExplorer: A Tool for Comparative Temporal Gene Expression and Spatial Data,10.1109/TVCG.2010.137,http://dx.doi.org/10.1109/TVCG.2010.137,2010,NA,NA,NA,NA,NA
NA,NA,NA,NA,NA,NA,NA,NA,10.1109.TVCG.2010.166,Illustrative Stream Surfaces,10.1109/TVCG.2010.166,http://dx.doi.org/10.1109/TVCG.2010.166,2010,NA,NA,NA,NA,NA
NA,NA,NA,NA,NA,NA,NA,NA,10.1109.TVCG.2010.192,Scalable Multi-variate Analytics of Seismic and Satellite-based Observational Data,10.1109/TVCG.2010.192,http://dx.doi.org/10.1109/TVCG.2010.192,2010,NA,NA,NA,NA,NA
NA,NA,NA,NA,NA,NA,NA,NA,10.1109.TVCG.2010.181,Noodles: An Interactive Tool for Visualization of Numerical Weather Model Ensemble Uncertainty,10.1109/TVCG.2010.181,http://dx.doi.org/10.1109/TVCG.2010.181,2010,NA,NA,NA,NA,NA
NA,NA,NA,NA,NA,NA,NA,NA,10.1109.TVCG.2010.134,Articulated Planar Reformation for change visualization in small-animal imaging,10.1109/TVCG.2010.134,http://dx.doi.org/10.1109/TVCG.2010.134,2010,NA,NA,NA,NA,NA
NA,NA,NA,NA,NA,NA,NA,NA,10.1109.TVCG.2010.157,FI3D: Direct-Touch Interaction for the Exploration of 3D Scientific Visualization Spaces,10.1109/TVCG.2010.157,http://dx.doi.org/10.1109/TVCG.2010.157,2010,NA,NA,NA,NA,NA
NA,NA,NA,NA,NA,NA,NA,NA,10.1109.TVCG.2010.133,Analysis of Recurrent Patterns in Toroidal Magnetic Fields,10.1109/TVCG.2010.133,http://dx.doi.org/10.1109/TVCG.2010.133,2010,NA,NA,NA,NA,NA
NA,NA,NA,NA,NA,NA,NA,NA,10.1109.TVCG.2010.153,Exploration of 4D MRI Blood Flow using Stylistic Visualization,10.1109/TVCG.2010.153,http://dx.doi.org/10.1109/TVCG.2010.153,2010,NA,NA,NA,NA,NA
NA,NA,NA,NA,NA,NA,NA,NA,10.1109.TVCG.2010.172,Interactive Visualization of Hyperspectral Images of Historical Documents,10.1109/TVCG.2010.172,http://dx.doi.org/10.1109/TVCG.2010.172,2010,NA,NA,NA,NA,NA
NA,NA,NA,NA,NA,NA,NA,NA,10.1109.TVCG.2010.221,Volumetric Modeling in Laser BPH Therapy Simulation,10.1109/TVCG.2010.221,http://dx.doi.org/10.1109/TVCG.2010.221,2010,NA,NA,NA,NA,NA
NA,NA,NA,NA,NA,NA,NA,NA,10.1109.TVCG.2010.171,Interactive Visual Analysis of Multiple Simulation Runs using the Simulation Model View: Understanding and Tuning of an Electronic Unit Injector,10.1109/TVCG.2010.171,http://dx.doi.org/10.1109/TVCG.2010.171,2010,NA,NA,NA,NA,NA
NA,NA,NA,NA,NA,NA,NA,NA,10.1109.TVCG.2010.214,Visual Optimality and Stability Analysis of 3DCT Scan Positions,10.1109/TVCG.2010.214,http://dx.doi.org/10.1109/TVCG.2010.214,2010,NA,NA,NA,NA,NA
NA,NA,NA,NA,NA,NA,NA,NA,10.1109.TVCG.2017.2745139,NA,NA,NA,2017,N,NA,Exclude,NA,More of a technique than a design study
NA,NA,NA,NA,NA,NA,NA,NA,10.1109.TVCG.2017.2744319,NA,NA,NA,2017,N,NA,Exclude,NA,Meta-analysis paper
NA,NA,NA,NA,NA,NA,NA,NA,10.1109.TVCG.2009.5290690,NA,NA,NA,2009,N,Data Integration,Include,NA,"Use ""Goals to Task"" interpretation"
NA,NA,NA,NA,NA,NA,NA,NA,10.1109.TVCG.2013.179,NA,NA,NA,2013,Y,Telling stories with the data,Potentially Exclude,NA,Frame as elements of their workflow.. I don't know
NA,NA,NA,NA,NA,NA,NA,NA,10.1109.TVCG.2013.179,NA,NA,NA,2013,Y,Statistics again bias,Potentially Exclude,NA,Frame as elements of their workflow.. I don't know
NA,NA,NA,NA,NA,NA,NA,NA,10.1109.TVCG.2013.179,NA,NA,NA,2013,Y,Working with tight time constraints,Potentially Exclude,NA,Frame as elements of their workflow.. I don't know
NA,NA,NA,NA,NA,NA,NA,NA,10.1109.TVCG.2013.234,NA,NA,NA,2013,N,NA,Exclude,NA,"Another group with experimental tasks, and ambigious real world tasks"
NA,NA,NA,NA,NA,NA,NA,NA,10.1109.TVCG.2013.229,NA,NA,NA,2013,N,NA,Exclude,NA,Task is used too broadly to really understand what's going on here.